freq,indic_bt,nace_r2,s_adj,unit,geo,time,value
M,PRD,B-D,SCA,I21,BG,1953-01,
M,PRD,B-D,SCA,I21,BG,1953-02,
M,PRD,B-D,SCA,I21,BG,1953-03,
M,PRD,B-D,SCA,I21,BG,1953-04,
M,PRD,B-D,SCA,I21,BG,1953-05,
M,PRD,B-D,SCA,I21,BG,1953-06,
M,PRD,B-D,SCA,I21,BG,1953-07,
M,PRD,B-D,SCA,I21,BG,1953-08,
M,PRD,B-D,SCA,I21,BG,1953-09,
M,PRD,B-D,SCA,I21,BG,1953-10,
M,PRD,B-D,SCA,I21,BG,1953-11,
M,PRD,B-D,SCA,I21,BG,1953-12,
M,PRD,B-D,SCA,I21,BG,1954-01,
M,PRD,B-D,SCA,I21,BG,1954-02,
M,PRD,B-D,SCA,I21,BG,1954-03,
M,PRD,B-D,SCA,I21,BG,1954-04,
M,PRD,B-D,SCA,I21,BG,1954-05,
M,PRD,B-D,SCA,I21,BG,1954-06,
M,PRD,B-D,SCA,I21,BG,1954-07,
M,PRD,B-D,SCA,I21,BG,1954-08,
M,PRD,B-D,SCA,I21,BG,1954-09,
M,PRD,B-D,SCA,I21,BG,1954-10,
M,PRD,B-D,SCA,I21,BG,1954-11,
M,PRD,B-D,SCA,I21,BG,1954-12,
M,PRD,B-D,SCA,I21,BG,1955-01,
M,PRD,B-D,SCA,I21,BG,1955-02,
M,PRD,B-D,SCA,I21,BG,1955-03,
M,PRD,B-D,SCA,I21,BG,1955-04,
M,PRD,B-D,SCA,I21,BG,1955-05,
M,PRD,B-D,SCA,I21,BG,1955-06,
M,PRD,B-D,SCA,I21,BG,1955-07,
M,PRD,B-D,SCA,I21,BG,1955-08,
M,PRD,B-D,SCA,I21,BG,1955-09,
M,PRD,B-D,SCA,I21,BG,1955-10,
M,PRD,B-D,SCA,I21,BG,1955-11,
M,PRD,B-D,SCA,I21,BG,1955-12,
M,PRD,B-D,SCA,I21,BG,1956-01,
M,PRD,B-D,SCA,I21,BG,1956-02,
M,PRD,B-D,SCA,I21,BG,1956-03,
M,PRD,B-D,SCA,I21,BG,1956-04,
M,PRD,B-D,SCA,I21,BG,1956-05,
M,PRD,B-D,SCA,I21,BG,1956-06,
M,PRD,B-D,SCA,I21,BG,1956-07,
M,PRD,B-D,SCA,I21,BG,1956-08,
M,PRD,B-D,SCA,I21,BG,1956-09,
M,PRD,B-D,SCA,I21,BG,1956-10,
M,PRD,B-D,SCA,I21,BG,1956-11,
M,PRD,B-D,SCA,I21,BG,1956-12,
M,PRD,B-D,SCA,I21,BG,1957-01,
M,PRD,B-D,SCA,I21,BG,1957-02,
M,PRD,B-D,SCA,I21,BG,1957-03,
M,PRD,B-D,SCA,I21,BG,1957-04,
M,PRD,B-D,SCA,I21,BG,1957-05,
M,PRD,B-D,SCA,I21,BG,1957-06,
M,PRD,B-D,SCA,I21,BG,1957-07,
M,PRD,B-D,SCA,I21,BG,1957-08,
M,PRD,B-D,SCA,I21,BG,1957-09,
M,PRD,B-D,SCA,I21,BG,1957-10,
M,PRD,B-D,SCA,I21,BG,1957-11,
M,PRD,B-D,SCA,I21,BG,1957-12,
M,PRD,B-D,SCA,I21,BG,1958-01,
M,PRD,B-D,SCA,I21,BG,1958-02,
M,PRD,B-D,SCA,I21,BG,1958-03,
M,PRD,B-D,SCA,I21,BG,1958-04,
M,PRD,B-D,SCA,I21,BG,1958-05,
M,PRD,B-D,SCA,I21,BG,1958-06,
M,PRD,B-D,SCA,I21,BG,1958-07,
M,PRD,B-D,SCA,I21,BG,1958-08,
M,PRD,B-D,SCA,I21,BG,1958-09,
M,PRD,B-D,SCA,I21,BG,1958-10,
M,PRD,B-D,SCA,I21,BG,1958-11,
M,PRD,B-D,SCA,I21,BG,1958-12,
M,PRD,B-D,SCA,I21,BG,1959-01,
M,PRD,B-D,SCA,I21,BG,1959-02,
M,PRD,B-D,SCA,I21,BG,1959-03,
M,PRD,B-D,SCA,I21,BG,1959-04,
M,PRD,B-D,SCA,I21,BG,1959-05,
M,PRD,B-D,SCA,I21,BG,1959-06,
M,PRD,B-D,SCA,I21,BG,1959-07,
M,PRD,B-D,SCA,I21,BG,1959-08,
M,PRD,B-D,SCA,I21,BG,1959-09,
M,PRD,B-D,SCA,I21,BG,1959-10,
M,PRD,B-D,SCA,I21,BG,1959-11,
M,PRD,B-D,SCA,I21,BG,1959-12,
M,PRD,B-D,SCA,I21,BG,1960-01,
M,PRD,B-D,SCA,I21,BG,1960-02,
M,PRD,B-D,SCA,I21,BG,1960-03,
M,PRD,B-D,SCA,I21,BG,1960-04,
M,PRD,B-D,SCA,I21,BG,1960-05,
M,PRD,B-D,SCA,I21,BG,1960-06,
M,PRD,B-D,SCA,I21,BG,1960-07,
M,PRD,B-D,SCA,I21,BG,1960-08,
M,PRD,B-D,SCA,I21,BG,1960-09,
M,PRD,B-D,SCA,I21,BG,1960-10,
M,PRD,B-D,SCA,I21,BG,1960-11,
M,PRD,B-D,SCA,I21,BG,1960-12,
M,PRD,B-D,SCA,I21,BG,1961-01,
M,PRD,B-D,SCA,I21,BG,1961-02,
M,PRD,B-D,SCA,I21,BG,1961-03,
M,PRD,B-D,SCA,I21,BG,1961-04,
M,PRD,B-D,SCA,I21,BG,1961-05,
M,PRD,B-D,SCA,I21,BG,1961-06,
M,PRD,B-D,SCA,I21,BG,1961-07,
M,PRD,B-D,SCA,I21,BG,1961-08,
M,PRD,B-D,SCA,I21,BG,1961-09,
M,PRD,B-D,SCA,I21,BG,1961-10,
M,PRD,B-D,SCA,I21,BG,1961-11,
M,PRD,B-D,SCA,I21,BG,1961-12,
M,PRD,B-D,SCA,I21,BG,1962-01,
M,PRD,B-D,SCA,I21,BG,1962-02,
M,PRD,B-D,SCA,I21,BG,1962-03,
M,PRD,B-D,SCA,I21,BG,1962-04,
M,PRD,B-D,SCA,I21,BG,1962-05,
M,PRD,B-D,SCA,I21,BG,1962-06,
M,PRD,B-D,SCA,I21,BG,1962-07,
M,PRD,B-D,SCA,I21,BG,1962-08,
M,PRD,B-D,SCA,I21,BG,1962-09,
M,PRD,B-D,SCA,I21,BG,1962-10,
M,PRD,B-D,SCA,I21,BG,1962-11,
M,PRD,B-D,SCA,I21,BG,1962-12,
M,PRD,B-D,SCA,I21,BG,1963-01,
M,PRD,B-D,SCA,I21,BG,1963-02,
M,PRD,B-D,SCA,I21,BG,1963-03,
M,PRD,B-D,SCA,I21,BG,1963-04,
M,PRD,B-D,SCA,I21,BG,1963-05,
M,PRD,B-D,SCA,I21,BG,1963-06,
M,PRD,B-D,SCA,I21,BG,1963-07,
M,PRD,B-D,SCA,I21,BG,1963-08,
M,PRD,B-D,SCA,I21,BG,1963-09,
M,PRD,B-D,SCA,I21,BG,1963-10,
M,PRD,B-D,SCA,I21,BG,1963-11,
M,PRD,B-D,SCA,I21,BG,1963-12,
M,PRD,B-D,SCA,I21,BG,1964-01,
M,PRD,B-D,SCA,I21,BG,1964-02,
M,PRD,B-D,SCA,I21,BG,1964-03,
M,PRD,B-D,SCA,I21,BG,1964-04,
M,PRD,B-D,SCA,I21,BG,1964-05,
M,PRD,B-D,SCA,I21,BG,1964-06,
M,PRD,B-D,SCA,I21,BG,1964-07,
M,PRD,B-D,SCA,I21,BG,1964-08,
M,PRD,B-D,SCA,I21,BG,1964-09,
M,PRD,B-D,SCA,I21,BG,1964-10,
M,PRD,B-D,SCA,I21,BG,1964-11,
M,PRD,B-D,SCA,I21,BG,1964-12,
M,PRD,B-D,SCA,I21,BG,1965-01,
M,PRD,B-D,SCA,I21,BG,1965-02,
M,PRD,B-D,SCA,I21,BG,1965-03,
M,PRD,B-D,SCA,I21,BG,1965-04,
M,PRD,B-D,SCA,I21,BG,1965-05,
M,PRD,B-D,SCA,I21,BG,1965-06,
M,PRD,B-D,SCA,I21,BG,1965-07,
M,PRD,B-D,SCA,I21,BG,1965-08,
M,PRD,B-D,SCA,I21,BG,1965-09,
M,PRD,B-D,SCA,I21,BG,1965-10,
M,PRD,B-D,SCA,I21,BG,1965-11,
M,PRD,B-D,SCA,I21,BG,1965-12,
M,PRD,B-D,SCA,I21,BG,1966-01,
M,PRD,B-D,SCA,I21,BG,1966-02,
M,PRD,B-D,SCA,I21,BG,1966-03,
M,PRD,B-D,SCA,I21,BG,1966-04,
M,PRD,B-D,SCA,I21,BG,1966-05,
M,PRD,B-D,SCA,I21,BG,1966-06,
M,PRD,B-D,SCA,I21,BG,1966-07,
M,PRD,B-D,SCA,I21,BG,1966-08,
M,PRD,B-D,SCA,I21,BG,1966-09,
M,PRD,B-D,SCA,I21,BG,1966-10,
M,PRD,B-D,SCA,I21,BG,1966-11,
M,PRD,B-D,SCA,I21,BG,1966-12,
M,PRD,B-D,SCA,I21,BG,1967-01,
M,PRD,B-D,SCA,I21,BG,1967-02,
M,PRD,B-D,SCA,I21,BG,1967-03,
M,PRD,B-D,SCA,I21,BG,1967-04,
M,PRD,B-D,SCA,I21,BG,1967-05,
M,PRD,B-D,SCA,I21,BG,1967-06,
M,PRD,B-D,SCA,I21,BG,1967-07,
M,PRD,B-D,SCA,I21,BG,1967-08,
M,PRD,B-D,SCA,I21,BG,1967-09,
M,PRD,B-D,SCA,I21,BG,1967-10,
M,PRD,B-D,SCA,I21,BG,1967-11,
M,PRD,B-D,SCA,I21,BG,1967-12,
M,PRD,B-D,SCA,I21,BG,1968-01,
M,PRD,B-D,SCA,I21,BG,1968-02,
M,PRD,B-D,SCA,I21,BG,1968-03,
M,PRD,B-D,SCA,I21,BG,1968-04,
M,PRD,B-D,SCA,I21,BG,1968-05,
M,PRD,B-D,SCA,I21,BG,1968-06,
M,PRD,B-D,SCA,I21,BG,1968-07,
M,PRD,B-D,SCA,I21,BG,1968-08,
M,PRD,B-D,SCA,I21,BG,1968-09,
M,PRD,B-D,SCA,I21,BG,1968-10,
M,PRD,B-D,SCA,I21,BG,1968-11,
M,PRD,B-D,SCA,I21,BG,1968-12,
M,PRD,B-D,SCA,I21,BG,1969-01,
M,PRD,B-D,SCA,I21,BG,1969-02,
M,PRD,B-D,SCA,I21,BG,1969-03,
M,PRD,B-D,SCA,I21,BG,1969-04,
M,PRD,B-D,SCA,I21,BG,1969-05,
M,PRD,B-D,SCA,I21,BG,1969-06,
M,PRD,B-D,SCA,I21,BG,1969-07,
M,PRD,B-D,SCA,I21,BG,1969-08,
M,PRD,B-D,SCA,I21,BG,1969-09,
M,PRD,B-D,SCA,I21,BG,1969-10,
M,PRD,B-D,SCA,I21,BG,1969-11,
M,PRD,B-D,SCA,I21,BG,1969-12,
M,PRD,B-D,SCA,I21,BG,1970-01,
M,PRD,B-D,SCA,I21,BG,1970-02,
M,PRD,B-D,SCA,I21,BG,1970-03,
M,PRD,B-D,SCA,I21,BG,1970-04,
M,PRD,B-D,SCA,I21,BG,1970-05,
M,PRD,B-D,SCA,I21,BG,1970-06,
M,PRD,B-D,SCA,I21,BG,1970-07,
M,PRD,B-D,SCA,I21,BG,1970-08,
M,PRD,B-D,SCA,I21,BG,1970-09,
M,PRD,B-D,SCA,I21,BG,1970-10,
M,PRD,B-D,SCA,I21,BG,1970-11,
M,PRD,B-D,SCA,I21,BG,1970-12,
M,PRD,B-D,SCA,I21,BG,1971-01,
M,PRD,B-D,SCA,I21,BG,1971-02,
M,PRD,B-D,SCA,I21,BG,1971-03,
M,PRD,B-D,SCA,I21,BG,1971-04,
M,PRD,B-D,SCA,I21,BG,1971-05,
M,PRD,B-D,SCA,I21,BG,1971-06,
M,PRD,B-D,SCA,I21,BG,1971-07,
M,PRD,B-D,SCA,I21,BG,1971-08,
M,PRD,B-D,SCA,I21,BG,1971-09,
M,PRD,B-D,SCA,I21,BG,1971-10,
M,PRD,B-D,SCA,I21,BG,1971-11,
M,PRD,B-D,SCA,I21,BG,1971-12,
M,PRD,B-D,SCA,I21,BG,1972-01,
M,PRD,B-D,SCA,I21,BG,1972-02,
M,PRD,B-D,SCA,I21,BG,1972-03,
M,PRD,B-D,SCA,I21,BG,1972-04,
M,PRD,B-D,SCA,I21,BG,1972-05,
M,PRD,B-D,SCA,I21,BG,1972-06,
M,PRD,B-D,SCA,I21,BG,1972-07,
M,PRD,B-D,SCA,I21,BG,1972-08,
M,PRD,B-D,SCA,I21,BG,1972-09,
M,PRD,B-D,SCA,I21,BG,1972-10,
M,PRD,B-D,SCA,I21,BG,1972-11,
M,PRD,B-D,SCA,I21,BG,1972-12,
M,PRD,B-D,SCA,I21,BG,1973-01,
M,PRD,B-D,SCA,I21,BG,1973-02,
M,PRD,B-D,SCA,I21,BG,1973-03,
M,PRD,B-D,SCA,I21,BG,1973-04,
M,PRD,B-D,SCA,I21,BG,1973-05,
M,PRD,B-D,SCA,I21,BG,1973-06,
M,PRD,B-D,SCA,I21,BG,1973-07,
M,PRD,B-D,SCA,I21,BG,1973-08,
M,PRD,B-D,SCA,I21,BG,1973-09,
M,PRD,B-D,SCA,I21,BG,1973-10,
M,PRD,B-D,SCA,I21,BG,1973-11,
M,PRD,B-D,SCA,I21,BG,1973-12,
M,PRD,B-D,SCA,I21,BG,1974-01,
M,PRD,B-D,SCA,I21,BG,1974-02,
M,PRD,B-D,SCA,I21,BG,1974-03,
M,PRD,B-D,SCA,I21,BG,1974-04,
M,PRD,B-D,SCA,I21,BG,1974-05,
M,PRD,B-D,SCA,I21,BG,1974-06,
M,PRD,B-D,SCA,I21,BG,1974-07,
M,PRD,B-D,SCA,I21,BG,1974-08,
M,PRD,B-D,SCA,I21,BG,1974-09,
M,PRD,B-D,SCA,I21,BG,1974-10,
M,PRD,B-D,SCA,I21,BG,1974-11,
M,PRD,B-D,SCA,I21,BG,1974-12,
M,PRD,B-D,SCA,I21,BG,1975-01,
M,PRD,B-D,SCA,I21,BG,1975-02,
M,PRD,B-D,SCA,I21,BG,1975-03,
M,PRD,B-D,SCA,I21,BG,1975-04,
M,PRD,B-D,SCA,I21,BG,1975-05,
M,PRD,B-D,SCA,I21,BG,1975-06,
M,PRD,B-D,SCA,I21,BG,1975-07,
M,PRD,B-D,SCA,I21,BG,1975-08,
M,PRD,B-D,SCA,I21,BG,1975-09,
M,PRD,B-D,SCA,I21,BG,1975-10,
M,PRD,B-D,SCA,I21,BG,1975-11,
M,PRD,B-D,SCA,I21,BG,1975-12,
M,PRD,B-D,SCA,I21,BG,1976-01,
M,PRD,B-D,SCA,I21,BG,1976-02,
M,PRD,B-D,SCA,I21,BG,1976-03,
M,PRD,B-D,SCA,I21,BG,1976-04,
M,PRD,B-D,SCA,I21,BG,1976-05,
M,PRD,B-D,SCA,I21,BG,1976-06,
M,PRD,B-D,SCA,I21,BG,1976-07,
M,PRD,B-D,SCA,I21,BG,1976-08,
M,PRD,B-D,SCA,I21,BG,1976-09,
M,PRD,B-D,SCA,I21,BG,1976-10,
M,PRD,B-D,SCA,I21,BG,1976-11,
M,PRD,B-D,SCA,I21,BG,1976-12,
M,PRD,B-D,SCA,I21,BG,1977-01,
M,PRD,B-D,SCA,I21,BG,1977-02,
M,PRD,B-D,SCA,I21,BG,1977-03,
M,PRD,B-D,SCA,I21,BG,1977-04,
M,PRD,B-D,SCA,I21,BG,1977-05,
M,PRD,B-D,SCA,I21,BG,1977-06,
M,PRD,B-D,SCA,I21,BG,1977-07,
M,PRD,B-D,SCA,I21,BG,1977-08,
M,PRD,B-D,SCA,I21,BG,1977-09,
M,PRD,B-D,SCA,I21,BG,1977-10,
M,PRD,B-D,SCA,I21,BG,1977-11,
M,PRD,B-D,SCA,I21,BG,1977-12,
M,PRD,B-D,SCA,I21,BG,1978-01,
M,PRD,B-D,SCA,I21,BG,1978-02,
M,PRD,B-D,SCA,I21,BG,1978-03,
M,PRD,B-D,SCA,I21,BG,1978-04,
M,PRD,B-D,SCA,I21,BG,1978-05,
M,PRD,B-D,SCA,I21,BG,1978-06,
M,PRD,B-D,SCA,I21,BG,1978-07,
M,PRD,B-D,SCA,I21,BG,1978-08,
M,PRD,B-D,SCA,I21,BG,1978-09,
M,PRD,B-D,SCA,I21,BG,1978-10,
M,PRD,B-D,SCA,I21,BG,1978-11,
M,PRD,B-D,SCA,I21,BG,1978-12,
M,PRD,B-D,SCA,I21,BG,1979-01,
M,PRD,B-D,SCA,I21,BG,1979-02,
M,PRD,B-D,SCA,I21,BG,1979-03,
M,PRD,B-D,SCA,I21,BG,1979-04,
M,PRD,B-D,SCA,I21,BG,1979-05,
M,PRD,B-D,SCA,I21,BG,1979-06,
M,PRD,B-D,SCA,I21,BG,1979-07,
M,PRD,B-D,SCA,I21,BG,1979-08,
M,PRD,B-D,SCA,I21,BG,1979-09,
M,PRD,B-D,SCA,I21,BG,1979-10,
M,PRD,B-D,SCA,I21,BG,1979-11,
M,PRD,B-D,SCA,I21,BG,1979-12,
M,PRD,B-D,SCA,I21,BG,1980-01,
M,PRD,B-D,SCA,I21,BG,1980-02,
M,PRD,B-D,SCA,I21,BG,1980-03,
M,PRD,B-D,SCA,I21,BG,1980-04,
M,PRD,B-D,SCA,I21,BG,1980-05,
M,PRD,B-D,SCA,I21,BG,1980-06,
M,PRD,B-D,SCA,I21,BG,1980-07,
M,PRD,B-D,SCA,I21,BG,1980-08,
M,PRD,B-D,SCA,I21,BG,1980-09,
M,PRD,B-D,SCA,I21,BG,1980-10,
M,PRD,B-D,SCA,I21,BG,1980-11,
M,PRD,B-D,SCA,I21,BG,1980-12,
M,PRD,B-D,SCA,I21,BG,1981-01,
M,PRD,B-D,SCA,I21,BG,1981-02,
M,PRD,B-D,SCA,I21,BG,1981-03,
M,PRD,B-D,SCA,I21,BG,1981-04,
M,PRD,B-D,SCA,I21,BG,1981-05,
M,PRD,B-D,SCA,I21,BG,1981-06,
M,PRD,B-D,SCA,I21,BG,1981-07,
M,PRD,B-D,SCA,I21,BG,1981-08,
M,PRD,B-D,SCA,I21,BG,1981-09,
M,PRD,B-D,SCA,I21,BG,1981-10,
M,PRD,B-D,SCA,I21,BG,1981-11,
M,PRD,B-D,SCA,I21,BG,1981-12,
M,PRD,B-D,SCA,I21,BG,1982-01,
M,PRD,B-D,SCA,I21,BG,1982-02,
M,PRD,B-D,SCA,I21,BG,1982-03,
M,PRD,B-D,SCA,I21,BG,1982-04,
M,PRD,B-D,SCA,I21,BG,1982-05,
M,PRD,B-D,SCA,I21,BG,1982-06,
M,PRD,B-D,SCA,I21,BG,1982-07,
M,PRD,B-D,SCA,I21,BG,1982-08,
M,PRD,B-D,SCA,I21,BG,1982-09,
M,PRD,B-D,SCA,I21,BG,1982-10,
M,PRD,B-D,SCA,I21,BG,1982-11,
M,PRD,B-D,SCA,I21,BG,1982-12,
M,PRD,B-D,SCA,I21,BG,1983-01,
M,PRD,B-D,SCA,I21,BG,1983-02,
M,PRD,B-D,SCA,I21,BG,1983-03,
M,PRD,B-D,SCA,I21,BG,1983-04,
M,PRD,B-D,SCA,I21,BG,1983-05,
M,PRD,B-D,SCA,I21,BG,1983-06,
M,PRD,B-D,SCA,I21,BG,1983-07,
M,PRD,B-D,SCA,I21,BG,1983-08,
M,PRD,B-D,SCA,I21,BG,1983-09,
M,PRD,B-D,SCA,I21,BG,1983-10,
M,PRD,B-D,SCA,I21,BG,1983-11,
M,PRD,B-D,SCA,I21,BG,1983-12,
M,PRD,B-D,SCA,I21,BG,1984-01,
M,PRD,B-D,SCA,I21,BG,1984-02,
M,PRD,B-D,SCA,I21,BG,1984-03,
M,PRD,B-D,SCA,I21,BG,1984-04,
M,PRD,B-D,SCA,I21,BG,1984-05,
M,PRD,B-D,SCA,I21,BG,1984-06,
M,PRD,B-D,SCA,I21,BG,1984-07,
M,PRD,B-D,SCA,I21,BG,1984-08,
M,PRD,B-D,SCA,I21,BG,1984-09,
M,PRD,B-D,SCA,I21,BG,1984-10,
M,PRD,B-D,SCA,I21,BG,1984-11,
M,PRD,B-D,SCA,I21,BG,1984-12,
M,PRD,B-D,SCA,I21,BG,1985-01,
M,PRD,B-D,SCA,I21,BG,1985-02,
M,PRD,B-D,SCA,I21,BG,1985-03,
M,PRD,B-D,SCA,I21,BG,1985-04,
M,PRD,B-D,SCA,I21,BG,1985-05,
M,PRD,B-D,SCA,I21,BG,1985-06,
M,PRD,B-D,SCA,I21,BG,1985-07,
M,PRD,B-D,SCA,I21,BG,1985-08,
M,PRD,B-D,SCA,I21,BG,1985-09,
M,PRD,B-D,SCA,I21,BG,1985-10,
M,PRD,B-D,SCA,I21,BG,1985-11,
M,PRD,B-D,SCA,I21,BG,1985-12,
M,PRD,B-D,SCA,I21,BG,1986-01,
M,PRD,B-D,SCA,I21,BG,1986-02,
M,PRD,B-D,SCA,I21,BG,1986-03,
M,PRD,B-D,SCA,I21,BG,1986-04,
M,PRD,B-D,SCA,I21,BG,1986-05,
M,PRD,B-D,SCA,I21,BG,1986-06,
M,PRD,B-D,SCA,I21,BG,1986-07,
M,PRD,B-D,SCA,I21,BG,1986-08,
M,PRD,B-D,SCA,I21,BG,1986-09,
M,PRD,B-D,SCA,I21,BG,1986-10,
M,PRD,B-D,SCA,I21,BG,1986-11,
M,PRD,B-D,SCA,I21,BG,1986-12,
M,PRD,B-D,SCA,I21,BG,1987-01,
M,PRD,B-D,SCA,I21,BG,1987-02,
M,PRD,B-D,SCA,I21,BG,1987-03,
M,PRD,B-D,SCA,I21,BG,1987-04,
M,PRD,B-D,SCA,I21,BG,1987-05,
M,PRD,B-D,SCA,I21,BG,1987-06,
M,PRD,B-D,SCA,I21,BG,1987-07,
M,PRD,B-D,SCA,I21,BG,1987-08,
M,PRD,B-D,SCA,I21,BG,1987-09,
M,PRD,B-D,SCA,I21,BG,1987-10,
M,PRD,B-D,SCA,I21,BG,1987-11,
M,PRD,B-D,SCA,I21,BG,1987-12,
M,PRD,B-D,SCA,I21,BG,1988-01,
M,PRD,B-D,SCA,I21,BG,1988-02,
M,PRD,B-D,SCA,I21,BG,1988-03,
M,PRD,B-D,SCA,I21,BG,1988-04,
M,PRD,B-D,SCA,I21,BG,1988-05,
M,PRD,B-D,SCA,I21,BG,1988-06,
M,PRD,B-D,SCA,I21,BG,1988-07,
M,PRD,B-D,SCA,I21,BG,1988-08,
M,PRD,B-D,SCA,I21,BG,1988-09,
M,PRD,B-D,SCA,I21,BG,1988-10,
M,PRD,B-D,SCA,I21,BG,1988-11,
M,PRD,B-D,SCA,I21,BG,1988-12,
M,PRD,B-D,SCA,I21,BG,1989-01,
M,PRD,B-D,SCA,I21,BG,1989-02,
M,PRD,B-D,SCA,I21,BG,1989-03,
M,PRD,B-D,SCA,I21,BG,1989-04,
M,PRD,B-D,SCA,I21,BG,1989-05,
M,PRD,B-D,SCA,I21,BG,1989-06,
M,PRD,B-D,SCA,I21,BG,1989-07,
M,PRD,B-D,SCA,I21,BG,1989-08,
M,PRD,B-D,SCA,I21,BG,1989-09,
M,PRD,B-D,SCA,I21,BG,1989-10,
M,PRD,B-D,SCA,I21,BG,1989-11,
M,PRD,B-D,SCA,I21,BG,1989-12,
M,PRD,B-D,SCA,I21,BG,1990-01,
M,PRD,B-D,SCA,I21,BG,1990-02,
M,PRD,B-D,SCA,I21,BG,1990-03,
M,PRD,B-D,SCA,I21,BG,1990-04,
M,PRD,B-D,SCA,I21,BG,1990-05,
M,PRD,B-D,SCA,I21,BG,1990-06,
M,PRD,B-D,SCA,I21,BG,1990-07,
M,PRD,B-D,SCA,I21,BG,1990-08,
M,PRD,B-D,SCA,I21,BG,1990-09,
M,PRD,B-D,SCA,I21,BG,1990-10,
M,PRD,B-D,SCA,I21,BG,1990-11,
M,PRD,B-D,SCA,I21,BG,1990-12,
M,PRD,B-D,SCA,I21,BG,1991-01,
M,PRD,B-D,SCA,I21,BG,1991-02,
M,PRD,B-D,SCA,I21,BG,1991-03,
M,PRD,B-D,SCA,I21,BG,1991-04,
M,PRD,B-D,SCA,I21,BG,1991-05,
M,PRD,B-D,SCA,I21,BG,1991-06,
M,PRD,B-D,SCA,I21,BG,1991-07,
M,PRD,B-D,SCA,I21,BG,1991-08,
M,PRD,B-D,SCA,I21,BG,1991-09,
M,PRD,B-D,SCA,I21,BG,1991-10,
M,PRD,B-D,SCA,I21,BG,1991-11,
M,PRD,B-D,SCA,I21,BG,1991-12,
M,PRD,B-D,SCA,I21,BG,1992-01,
M,PRD,B-D,SCA,I21,BG,1992-02,
M,PRD,B-D,SCA,I21,BG,1992-03,
M,PRD,B-D,SCA,I21,BG,1992-04,
M,PRD,B-D,SCA,I21,BG,1992-05,
M,PRD,B-D,SCA,I21,BG,1992-06,
M,PRD,B-D,SCA,I21,BG,1992-07,
M,PRD,B-D,SCA,I21,BG,1992-08,
M,PRD,B-D,SCA,I21,BG,1992-09,
M,PRD,B-D,SCA,I21,BG,1992-10,
M,PRD,B-D,SCA,I21,BG,1992-11,
M,PRD,B-D,SCA,I21,BG,1992-12,
M,PRD,B-D,SCA,I21,BG,1993-01,
M,PRD,B-D,SCA,I21,BG,1993-02,
M,PRD,B-D,SCA,I21,BG,1993-03,
M,PRD,B-D,SCA,I21,BG,1993-04,
M,PRD,B-D,SCA,I21,BG,1993-05,
M,PRD,B-D,SCA,I21,BG,1993-06,
M,PRD,B-D,SCA,I21,BG,1993-07,
M,PRD,B-D,SCA,I21,BG,1993-08,
M,PRD,B-D,SCA,I21,BG,1993-09,
M,PRD,B-D,SCA,I21,BG,1993-10,
M,PRD,B-D,SCA,I21,BG,1993-11,
M,PRD,B-D,SCA,I21,BG,1993-12,
M,PRD,B-D,SCA,I21,BG,1994-01,
M,PRD,B-D,SCA,I21,BG,1994-02,
M,PRD,B-D,SCA,I21,BG,1994-03,
M,PRD,B-D,SCA,I21,BG,1994-04,
M,PRD,B-D,SCA,I21,BG,1994-05,
M,PRD,B-D,SCA,I21,BG,1994-06,
M,PRD,B-D,SCA,I21,BG,1994-07,
M,PRD,B-D,SCA,I21,BG,1994-08,
M,PRD,B-D,SCA,I21,BG,1994-09,
M,PRD,B-D,SCA,I21,BG,1994-10,
M,PRD,B-D,SCA,I21,BG,1994-11,
M,PRD,B-D,SCA,I21,BG,1994-12,
M,PRD,B-D,SCA,I21,BG,1995-01,
M,PRD,B-D,SCA,I21,BG,1995-02,
M,PRD,B-D,SCA,I21,BG,1995-03,
M,PRD,B-D,SCA,I21,BG,1995-04,
M,PRD,B-D,SCA,I21,BG,1995-05,
M,PRD,B-D,SCA,I21,BG,1995-06,
M,PRD,B-D,SCA,I21,BG,1995-07,
M,PRD,B-D,SCA,I21,BG,1995-08,
M,PRD,B-D,SCA,I21,BG,1995-09,
M,PRD,B-D,SCA,I21,BG,1995-10,
M,PRD,B-D,SCA,I21,BG,1995-11,
M,PRD,B-D,SCA,I21,BG,1995-12,
M,PRD,B-D,SCA,I21,BG,1996-01,
M,PRD,B-D,SCA,I21,BG,1996-02,
M,PRD,B-D,SCA,I21,BG,1996-03,
M,PRD,B-D,SCA,I21,BG,1996-04,
M,PRD,B-D,SCA,I21,BG,1996-05,
M,PRD,B-D,SCA,I21,BG,1996-06,
M,PRD,B-D,SCA,I21,BG,1996-07,
M,PRD,B-D,SCA,I21,BG,1996-08,
M,PRD,B-D,SCA,I21,BG,1996-09,
M,PRD,B-D,SCA,I21,BG,1996-10,
M,PRD,B-D,SCA,I21,BG,1996-11,
M,PRD,B-D,SCA,I21,BG,1996-12,
M,PRD,B-D,SCA,I21,BG,1997-01,
M,PRD,B-D,SCA,I21,BG,1997-02,
M,PRD,B-D,SCA,I21,BG,1997-03,
M,PRD,B-D,SCA,I21,BG,1997-04,
M,PRD,B-D,SCA,I21,BG,1997-05,
M,PRD,B-D,SCA,I21,BG,1997-06,
M,PRD,B-D,SCA,I21,BG,1997-07,
M,PRD,B-D,SCA,I21,BG,1997-08,
M,PRD,B-D,SCA,I21,BG,1997-09,
M,PRD,B-D,SCA,I21,BG,1997-10,
M,PRD,B-D,SCA,I21,BG,1997-11,
M,PRD,B-D,SCA,I21,BG,1997-12,
M,PRD,B-D,SCA,I21,BG,1998-01,
M,PRD,B-D,SCA,I21,BG,1998-02,
M,PRD,B-D,SCA,I21,BG,1998-03,
M,PRD,B-D,SCA,I21,BG,1998-04,
M,PRD,B-D,SCA,I21,BG,1998-05,
M,PRD,B-D,SCA,I21,BG,1998-06,
M,PRD,B-D,SCA,I21,BG,1998-07,
M,PRD,B-D,SCA,I21,BG,1998-08,
M,PRD,B-D,SCA,I21,BG,1998-09,
M,PRD,B-D,SCA,I21,BG,1998-10,
M,PRD,B-D,SCA,I21,BG,1998-11,
M,PRD,B-D,SCA,I21,BG,1998-12,
M,PRD,B-D,SCA,I21,BG,1999-01,
M,PRD,B-D,SCA,I21,BG,1999-02,
M,PRD,B-D,SCA,I21,BG,1999-03,
M,PRD,B-D,SCA,I21,BG,1999-04,
M,PRD,B-D,SCA,I21,BG,1999-05,
M,PRD,B-D,SCA,I21,BG,1999-06,
M,PRD,B-D,SCA,I21,BG,1999-07,
M,PRD,B-D,SCA,I21,BG,1999-08,
M,PRD,B-D,SCA,I21,BG,1999-09,
M,PRD,B-D,SCA,I21,BG,1999-10,
M,PRD,B-D,SCA,I21,BG,1999-11,
M,PRD,B-D,SCA,I21,BG,1999-12,
M,PRD,B-D,SCA,I21,BG,2000-01,57.9
M,PRD,B-D,SCA,I21,BG,2000-02,57.3
M,PRD,B-D,SCA,I21,BG,2000-03,58.3
M,PRD,B-D,SCA,I21,BG,2000-04,55.5
M,PRD,B-D,SCA,I21,BG,2000-05,55.8
M,PRD,B-D,SCA,I21,BG,2000-06,56.1
M,PRD,B-D,SCA,I21,BG,2000-07,55.5
M,PRD,B-D,SCA,I21,BG,2000-08,56.9
M,PRD,B-D,SCA,I21,BG,2000-09,57.8
M,PRD,B-D,SCA,I21,BG,2000-10,59.2
M,PRD,B-D,SCA,I21,BG,2000-11,57.8
M,PRD,B-D,SCA,I21,BG,2000-12,60.6
M,PRD,B-D,SCA,I21,BG,2001-01,59.2
M,PRD,B-D,SCA,I21,BG,2001-02,60.5
M,PRD,B-D,SCA,I21,BG,2001-03,57.9
M,PRD,B-D,SCA,I21,BG,2001-04,57.7
M,PRD,B-D,SCA,I21,BG,2001-05,58.6
M,PRD,B-D,SCA,I21,BG,2001-06,57.5
M,PRD,B-D,SCA,I21,BG,2001-07,57.8
M,PRD,B-D,SCA,I21,BG,2001-08,58.3
M,PRD,B-D,SCA,I21,BG,2001-09,58.2
M,PRD,B-D,SCA,I21,BG,2001-10,58.5
M,PRD,B-D,SCA,I21,BG,2001-11,59.3
M,PRD,B-D,SCA,I21,BG,2001-12,61.0
M,PRD,B-D,SCA,I21,BG,2002-01,59.1
M,PRD,B-D,SCA,I21,BG,2002-02,58.1
M,PRD,B-D,SCA,I21,BG,2002-03,57.6
M,PRD,B-D,SCA,I21,BG,2002-04,61.8
M,PRD,B-D,SCA,I21,BG,2002-05,61.1
M,PRD,B-D,SCA,I21,BG,2002-06,62.0
M,PRD,B-D,SCA,I21,BG,2002-07,63.0
M,PRD,B-D,SCA,I21,BG,2002-08,63.5
M,PRD,B-D,SCA,I21,BG,2002-09,62.9
M,PRD,B-D,SCA,I21,BG,2002-10,61.5
M,PRD,B-D,SCA,I21,BG,2002-11,64.3
M,PRD,B-D,SCA,I21,BG,2002-12,63.1
M,PRD,B-D,SCA,I21,BG,2003-01,67.5
M,PRD,B-D,SCA,I21,BG,2003-02,66.9
M,PRD,B-D,SCA,I21,BG,2003-03,69.5
M,PRD,B-D,SCA,I21,BG,2003-04,68.4
M,PRD,B-D,SCA,I21,BG,2003-05,66.1
M,PRD,B-D,SCA,I21,BG,2003-06,68.8
M,PRD,B-D,SCA,I21,BG,2003-07,69.9
M,PRD,B-D,SCA,I21,BG,2003-08,70.4
M,PRD,B-D,SCA,I21,BG,2003-09,70.4
M,PRD,B-D,SCA,I21,BG,2003-10,71.8
M,PRD,B-D,SCA,I21,BG,2003-11,72.8
M,PRD,B-D,SCA,I21,BG,2003-12,71.8
M,PRD,B-D,SCA,I21,BG,2004-01,74.3
M,PRD,B-D,SCA,I21,BG,2004-02,76.2
M,PRD,B-D,SCA,I21,BG,2004-03,76.5
M,PRD,B-D,SCA,I21,BG,2004-04,77.1
M,PRD,B-D,SCA,I21,BG,2004-05,78.3
M,PRD,B-D,SCA,I21,BG,2004-06,78.0
M,PRD,B-D,SCA,I21,BG,2004-07,78.2
M,PRD,B-D,SCA,I21,BG,2004-08,78.4
M,PRD,B-D,SCA,I21,BG,2004-09,80.7
M,PRD,B-D,SCA,I21,BG,2004-10,78.7
M,PRD,B-D,SCA,I21,BG,2004-11,80.0
M,PRD,B-D,SCA,I21,BG,2004-12,80.5
M,PRD,B-D,SCA,I21,BG,2005-01,79.3
M,PRD,B-D,SCA,I21,BG,2005-02,79.6
M,PRD,B-D,SCA,I21,BG,2005-03,82.2
M,PRD,B-D,SCA,I21,BG,2005-04,81.5
M,PRD,B-D,SCA,I21,BG,2005-05,83.3
M,PRD,B-D,SCA,I21,BG,2005-06,83.9
M,PRD,B-D,SCA,I21,BG,2005-07,85.0
M,PRD,B-D,SCA,I21,BG,2005-08,83.0
M,PRD,B-D,SCA,I21,BG,2005-09,84.5
M,PRD,B-D,SCA,I21,BG,2005-10,87.6
M,PRD,B-D,SCA,I21,BG,2005-11,86.2
M,PRD,B-D,SCA,I21,BG,2005-12,88.2
M,PRD,B-D,SCA,I21,BG,2006-01,86.1
M,PRD,B-D,SCA,I21,BG,2006-02,85.1
M,PRD,B-D,SCA,I21,BG,2006-03,85.5
M,PRD,B-D,SCA,I21,BG,2006-04,87.8
M,PRD,B-D,SCA,I21,BG,2006-05,89.3
M,PRD,B-D,SCA,I21,BG,2006-06,89.7
M,PRD,B-D,SCA,I21,BG,2006-07,88.5
M,PRD,B-D,SCA,I21,BG,2006-08,91.4
M,PRD,B-D,SCA,I21,BG,2006-09,90.9
M,PRD,B-D,SCA,I21,BG,2006-10,90.4
M,PRD,B-D,SCA,I21,BG,2006-11,90.8
M,PRD,B-D,SCA,I21,BG,2006-12,92.6
M,PRD,B-D,SCA,I21,BG,2007-01,91.2
M,PRD,B-D,SCA,I21,BG,2007-02,96.7
M,PRD,B-D,SCA,I21,BG,2007-03,97.0
M,PRD,B-D,SCA,I21,BG,2007-04,96.7
M,PRD,B-D,SCA,I21,BG,2007-05,96.4
M,PRD,B-D,SCA,I21,BG,2007-06,97.0
M,PRD,B-D,SCA,I21,BG,2007-07,98.2
M,PRD,B-D,SCA,I21,BG,2007-08,98.2
M,PRD,B-D,SCA,I21,BG,2007-09,98.6
M,PRD,B-D,SCA,I21,BG,2007-10,98.8
M,PRD,B-D,SCA,I21,BG,2007-11,99.0
M,PRD,B-D,SCA,I21,BG,2007-12,101.2
M,PRD,B-D,SCA,I21,BG,2008-01,98.2
M,PRD,B-D,SCA,I21,BG,2008-02,99.1
M,PRD,B-D,SCA,I21,BG,2008-03,99.8
M,PRD,B-D,SCA,I21,BG,2008-04,101.6
M,PRD,B-D,SCA,I21,BG,2008-05,103.1
M,PRD,B-D,SCA,I21,BG,2008-06,100.7
M,PRD,B-D,SCA,I21,BG,2008-07,100.1
M,PRD,B-D,SCA,I21,BG,2008-08,97.3
M,PRD,B-D,SCA,I21,BG,2008-09,98.5
M,PRD,B-D,SCA,I21,BG,2008-10,95.0
M,PRD,B-D,SCA,I21,BG,2008-11,92.9
M,PRD,B-D,SCA,I21,BG,2008-12,90.7
M,PRD,B-D,SCA,I21,BG,2009-01,80.5
M,PRD,B-D,SCA,I21,BG,2009-02,83.7
M,PRD,B-D,SCA,I21,BG,2009-03,80.5
M,PRD,B-D,SCA,I21,BG,2009-04,79.7
M,PRD,B-D,SCA,I21,BG,2009-05,80.2
M,PRD,B-D,SCA,I21,BG,2009-06,79.7
M,PRD,B-D,SCA,I21,BG,2009-07,79.6
M,PRD,B-D,SCA,I21,BG,2009-08,80.5
M,PRD,B-D,SCA,I21,BG,2009-09,77.5
M,PRD,B-D,SCA,I21,BG,2009-10,80.6
M,PRD,B-D,SCA,I21,BG,2009-11,81.2
M,PRD,B-D,SCA,I21,BG,2009-12,79.0
M,PRD,B-D,SCA,I21,BG,2010-01,79.6
M,PRD,B-D,SCA,I21,BG,2010-02,75.7
M,PRD,B-D,SCA,I21,BG,2010-03,80.5
M,PRD,B-D,SCA,I21,BG,2010-04,79.8
M,PRD,B-D,SCA,I21,BG,2010-05,80.6
M,PRD,B-D,SCA,I21,BG,2010-06,83.2
M,PRD,B-D,SCA,I21,BG,2010-07,81.7
M,PRD,B-D,SCA,I21,BG,2010-08,83.5
M,PRD,B-D,SCA,I21,BG,2010-09,84.6
M,PRD,B-D,SCA,I21,BG,2010-10,84.5
M,PRD,B-D,SCA,I21,BG,2010-11,84.2
M,PRD,B-D,SCA,I21,BG,2010-12,83.2
M,PRD,B-D,SCA,I21,BG,2011-01,86.6
M,PRD,B-D,SCA,I21,BG,2011-02,88.4
M,PRD,B-D,SCA,I21,BG,2011-03,87.2
M,PRD,B-D,SCA,I21,BG,2011-04,88.7
M,PRD,B-D,SCA,I21,BG,2011-05,87.4
M,PRD,B-D,SCA,I21,BG,2011-06,85.5
M,PRD,B-D,SCA,I21,BG,2011-07,87.8
M,PRD,B-D,SCA,I21,BG,2011-08,85.1
M,PRD,B-D,SCA,I21,BG,2011-09,86.6
M,PRD,B-D,SCA,I21,BG,2011-10,87.3
M,PRD,B-D,SCA,I21,BG,2011-11,85.7
M,PRD,B-D,SCA,I21,BG,2011-12,83.5
M,PRD,B-D,SCA,I21,BG,2012-01,83.5
M,PRD,B-D,SCA,I21,BG,2012-02,82.5
M,PRD,B-D,SCA,I21,BG,2012-03,86.0
M,PRD,B-D,SCA,I21,BG,2012-04,85.7
M,PRD,B-D,SCA,I21,BG,2012-05,87.9
M,PRD,B-D,SCA,I21,BG,2012-06,88.0
M,PRD,B-D,SCA,I21,BG,2012-07,87.0
M,PRD,B-D,SCA,I21,BG,2012-08,88.0
M,PRD,B-D,SCA,I21,BG,2012-09,85.7
M,PRD,B-D,SCA,I21,BG,2012-10,84.0
M,PRD,B-D,SCA,I21,BG,2012-11,85.3
M,PRD,B-D,SCA,I21,BG,2012-12,89.5
M,PRD,B-D,SCA,I21,BG,2013-01,88.3
M,PRD,B-D,SCA,I21,BG,2013-02,85.3
M,PRD,B-D,SCA,I21,BG,2013-03,83.9
M,PRD,B-D,SCA,I21,BG,2013-04,82.7
M,PRD,B-D,SCA,I21,BG,2013-05,83.0
M,PRD,B-D,SCA,I21,BG,2013-06,84.9
M,PRD,B-D,SCA,I21,BG,2013-07,86.3
M,PRD,B-D,SCA,I21,BG,2013-08,87.6
M,PRD,B-D,SCA,I21,BG,2013-09,87.5
M,PRD,B-D,SCA,I21,BG,2013-10,88.9
M,PRD,B-D,SCA,I21,BG,2013-11,88.8
M,PRD,B-D,SCA,I21,BG,2013-12,87.5
M,PRD,B-D,SCA,I21,BG,2014-01,89.4
M,PRD,B-D,SCA,I21,BG,2014-02,89.3
M,PRD,B-D,SCA,I21,BG,2014-03,87.1
M,PRD,B-D,SCA,I21,BG,2014-04,89.7
M,PRD,B-D,SCA,I21,BG,2014-05,86.8
M,PRD,B-D,SCA,I21,BG,2014-06,85.4
M,PRD,B-D,SCA,I21,BG,2014-07,86.8
M,PRD,B-D,SCA,I21,BG,2014-08,86.5
M,PRD,B-D,SCA,I21,BG,2014-09,88.1
M,PRD,B-D,SCA,I21,BG,2014-10,88.8
M,PRD,B-D,SCA,I21,BG,2014-11,89.2
M,PRD,B-D,SCA,I21,BG,2014-12,88.7
M,PRD,B-D,SCA,I21,BG,2015-01,90.6
M,PRD,B-D,SCA,I21,BG,2015-02,90.6
M,PRD,B-D,SCA,I21,BG,2015-03,89.2
M,PRD,B-D,SCA,I21,BG,2015-04,91.0
M,PRD,B-D,SCA,I21,BG,2015-05,91.6
M,PRD,B-D,SCA,I21,BG,2015-06,89.9
M,PRD,B-D,SCA,I21,BG,2015-07,89.9
M,PRD,B-D,SCA,I21,BG,2015-08,90.3
M,PRD,B-D,SCA,I21,BG,2015-09,89.0
M,PRD,B-D,SCA,I21,BG,2015-10,90.4
M,PRD,B-D,SCA,I21,BG,2015-11,91.0
M,PRD,B-D,SCA,I21,BG,2015-12,90.4
M,PRD,B-D,SCA,I21,BG,2016-01,92.3
M,PRD,B-D,SCA,I21,BG,2016-02,90.9
M,PRD,B-D,SCA,I21,BG,2016-03,90.8
M,PRD,B-D,SCA,I21,BG,2016-04,92.1
M,PRD,B-D,SCA,I21,BG,2016-05,89.6
M,PRD,B-D,SCA,I21,BG,2016-06,93.1
M,PRD,B-D,SCA,I21,BG,2016-07,92.7
M,PRD,B-D,SCA,I21,BG,2016-08,92.4
M,PRD,B-D,SCA,I21,BG,2016-09,93.8
M,PRD,B-D,SCA,I21,BG,2016-10,93.3
M,PRD,B-D,SCA,I21,BG,2016-11,94.3
M,PRD,B-D,SCA,I21,BG,2016-12,95.9
M,PRD,B-D,SCA,I21,BG,2017-01,92.8
M,PRD,B-D,SCA,I21,BG,2017-02,96.3
M,PRD,B-D,SCA,I21,BG,2017-03,96.2
M,PRD,B-D,SCA,I21,BG,2017-04,96.0
M,PRD,B-D,SCA,I21,BG,2017-05,97.8
M,PRD,B-D,SCA,I21,BG,2017-06,95.9
M,PRD,B-D,SCA,I21,BG,2017-07,96.9
M,PRD,B-D,SCA,I21,BG,2017-08,96.3
M,PRD,B-D,SCA,I21,BG,2017-09,97.1
M,PRD,B-D,SCA,I21,BG,2017-10,95.8
M,PRD,B-D,SCA,I21,BG,2017-11,96.3
M,PRD,B-D,SCA,I21,BG,2017-12,99.0
M,PRD,B-D,SCA,I21,BG,2018-01,96.7
M,PRD,B-D,SCA,I21,BG,2018-02,94.4
M,PRD,B-D,SCA,I21,BG,2018-03,97.0
M,PRD,B-D,SCA,I21,BG,2018-04,94.8
M,PRD,B-D,SCA,I21,BG,2018-05,97.6
M,PRD,B-D,SCA,I21,BG,2018-06,99.2
M,PRD,B-D,SCA,I21,BG,2018-07,97.2
M,PRD,B-D,SCA,I21,BG,2018-08,97.3
M,PRD,B-D,SCA,I21,BG,2018-09,96.4
M,PRD,B-D,SCA,I21,BG,2018-10,96.0
M,PRD,B-D,SCA,I21,BG,2018-11,97.6
M,PRD,B-D,SCA,I21,BG,2018-12,96.1
M,PRD,B-D,SCA,I21,BG,2019-01,97.7
M,PRD,B-D,SCA,I21,BG,2019-02,100.0
M,PRD,B-D,SCA,I21,BG,2019-03,99.2
M,PRD,B-D,SCA,I21,BG,2019-04,96.8
M,PRD,B-D,SCA,I21,BG,2019-05,98.5
M,PRD,B-D,SCA,I21,BG,2019-06,96.0
M,PRD,B-D,SCA,I21,BG,2019-07,96.2
M,PRD,B-D,SCA,I21,BG,2019-08,96.2
M,PRD,B-D,SCA,I21,BG,2019-09,96.2
M,PRD,B-D,SCA,I21,BG,2019-10,97.2
M,PRD,B-D,SCA,I21,BG,2019-11,97.5
M,PRD,B-D,SCA,I21,BG,2019-12,95.1
M,PRD,B-D,SCA,I21,BG,2020-01,96.9
M,PRD,B-D,SCA,I21,BG,2020-02,97.8
M,PRD,B-D,SCA,I21,BG,2020-03,91.7
M,PRD,B-D,SCA,I21,BG,2020-04,80.8
M,PRD,B-D,SCA,I21,BG,2020-05,83.2
M,PRD,B-D,SCA,I21,BG,2020-06,88.4
M,PRD,B-D,SCA,I21,BG,2020-07,90.4
M,PRD,B-D,SCA,I21,BG,2020-08,90.6
M,PRD,B-D,SCA,I21,BG,2020-09,93.4
M,PRD,B-D,SCA,I21,BG,2020-10,94.6
M,PRD,B-D,SCA,I21,BG,2020-11,93.3
M,PRD,B-D,SCA,I21,BG,2020-12,92.4
M,PRD,B-D,SCA,I21,BG,2021-01,94.4
M,PRD,B-D,SCA,I21,BG,2021-02,95.3
M,PRD,B-D,SCA,I21,BG,2021-03,98.0
M,PRD,B-D,SCA,I21,BG,2021-04,98.8
M,PRD,B-D,SCA,I21,BG,2021-05,97.7
M,PRD,B-D,SCA,I21,BG,2021-06,98.3
M,PRD,B-D,SCA,I21,BG,2021-07,99.2
M,PRD,B-D,SCA,I21,BG,2021-08,100.4
M,PRD,B-D,SCA,I21,BG,2021-09,103.2
M,PRD,B-D,SCA,I21,BG,2021-10,104.5
M,PRD,B-D,SCA,I21,BG,2021-11,106.8
M,PRD,B-D,SCA,I21,BG,2021-12,106.8
M,PRD,B-D,SCA,I21,BG,2022-01,110.9
M,PRD,B-D,SCA,I21,BG,2022-02,109.9
M,PRD,B-D,SCA,I21,BG,2022-03,116.4
M,PRD,B-D,SCA,I21,BG,2022-04,115.1
M,PRD,B-D,SCA,I21,BG,2022-05,116.2
M,PRD,B-D,SCA,I21,BG,2022-06,114.7
M,PRD,B-D,SCA,I21,BG,2022-07,115.8
M,PRD,B-D,SCA,I21,BG,2022-08,115.2
M,PRD,B-D,SCA,I21,BG,2022-09,113.4
M,PRD,B-D,SCA,I21,BG,2022-10,109.6
M,PRD,B-D,SCA,I21,BG,2022-11,111.8
M,PRD,B-D,SCA,I21,BG,2022-12,109.7
M,PRD,B-D,SCA,I21,BG,2023-01,108.9
M,PRD,B-D,SCA,I21,BG,2023-02,107.9
M,PRD,B-D,SCA,I21,BG,2023-03,106.4
M,PRD,B-D,SCA,I21,BG,2023-04,102.4
M,PRD,B-D,SCA,I21,BG,2023-05,104.2
M,PRD,B-D,SCA,I21,BG,2023-06,104.2
M,PRD,B-D,SCA,I21,BG,2023-07,102.3
M,PRD,B-D,SCA,I21,BG,2023-08,103.7
M,PRD,B-D,SCA,I21,BG,2023-09,101.5
M,PRD,B-D,SCA,I21,BG,2023-10,103.4
M,PRD,B-D,SCA,I21,BG,2023-11,98.8
M,PRD,B-D,SCA,I21,BG,2023-12,102.9
M,PRD,B-D,SCA,I21,BG,2024-01,99.1
M,PRD,B-D,SCA,I21,BG,2024-02,99.5
M,PRD,B-D,SCA,I21,BG,2024-03,98.5
M,PRD,B-D,SCA,I21,BG,2024-04,101.6
M,PRD,B-D,SCA,I21,BG,2024-05,99.1
M,PRD,B-D,SCA,I21,BG,2024-06,99.2
M,PRD,B-D,SCA,I21,BG,2024-07,99.8
M,PRD,B-D,SCA,I21,BG,2024-08,100.7
M,PRD,B-D,SCA,I21,BG,2024-09,102.0
M,PRD,B-D,SCA,I21,BG,2024-10,101.1
M,PRD,B-D,SCA,I21,BG,2024-11,100.8
M,PRD,B-D,SCA,I21,BG,2024-12,98.6
M,PRD,B-D,SCA,I21,BG,2025-01,96.5
M,PRD,B-D,SCA,I21,BG,2025-02,96.0
M,PRD,B-D,SCA,I21,BG,2025-03,91.2
M,PRD,B-D,SCA,I21,BG,2025-04,92.7
M,PRD,B-D,SCA,I21,BG,2025-05,93.4
M,PRD,B-D,SCA,I21,BG,2025-06,91.6
M,PRD,B-D,SCA,I21,BG,2025-07,91.6
M,PRD,B-D,SCA,I21,BG,2025-08,91.9
M,PRD,B-D,SCA,I21,BG,2025-09,94.5
M,PRD,B-D,SCA,I21,BG,2025-10,92.3
M,PRD,B-D,SCA,I21,BG,2025-11,91.0
M,PRD,B-D,SCA,I21,BG,2025-12,90.9
M,PRD,B-D,SCA,I21,BG,2026-01,87.6
M,PRD,B-D,SCA,I21,BG,2026-02,89.0
M,PRD,B-D,SCA,I21,BG,2026-03,93.7
M,PRD,B-D,SCA,I21,BG,2026-04,89.4
M,PRD,B-D,SCA,I21,BG,2026-05,88.9
M,PRD,B-D,SCA,I21,BG,2026-06,89.3
M,PRD,B-D,SCA,I21,BG,2026-07,
M,PRD,B-D,SCA,I21,NL,1953-01,
M,PRD,B-D,SCA,I21,NL,1953-02,
M,PRD,B-D,SCA,I21,NL,1953-03,
M,PRD,B-D,SCA,I21,NL,1953-04,
M,PRD,B-D,SCA,I21,NL,1953-05,
M,PRD,B-D,SCA,I21,NL,1953-06,
M,PRD,B-D,SCA,I21,NL,1953-07,
M,PRD,B-D,SCA,I21,NL,1953-08,
M,PRD,B-D,SCA,I21,NL,1953-09,
M,PRD,B-D,SCA,I21,NL,1953-10,
M,PRD,B-D,SCA,I21,NL,1953-11,
M,PRD,B-D,SCA,I21,NL,1953-12,
M,PRD,B-D,SCA,I21,NL,1954-01,
M,PRD,B-D,SCA,I21,NL,1954-02,
M,PRD,B-D,SCA,I21,NL,1954-03,
M,PRD,B-D,SCA,I21,NL,1954-04,
M,PRD,B-D,SCA,I21,NL,1954-05,
M,PRD,B-D,SCA,I21,NL,1954-06,
M,PRD,B-D,SCA,I21,NL,1954-07,
M,PRD,B-D,SCA,I21,NL,1954-08,
M,PRD,B-D,SCA,I21,NL,1954-09,
M,PRD,B-D,SCA,I21,NL,1954-10,
M,PRD,B-D,SCA,I21,NL,1954-11,
M,PRD,B-D,SCA,I21,NL,1954-12,
M,PRD,B-D,SCA,I21,NL,1955-01,
M,PRD,B-D,SCA,I21,NL,1955-02,
M,PRD,B-D,SCA,I21,NL,1955-03,
M,PRD,B-D,SCA,I21,NL,1955-04,
M,PRD,B-D,SCA,I21,NL,1955-05,
M,PRD,B-D,SCA,I21,NL,1955-06,
M,PRD,B-D,SCA,I21,NL,1955-07,
M,PRD,B-D,SCA,I21,NL,1955-08,
M,PRD,B-D,SCA,I21,NL,1955-09,
M,PRD,B-D,SCA,I21,NL,1955-10,
M,PRD,B-D,SCA,I21,NL,1955-11,
M,PRD,B-D,SCA,I21,NL,1955-12,
M,PRD,B-D,SCA,I21,NL,1956-01,
M,PRD,B-D,SCA,I21,NL,1956-02,
M,PRD,B-D,SCA,I21,NL,1956-03,
M,PRD,B-D,SCA,I21,NL,1956-04,
M,PRD,B-D,SCA,I21,NL,1956-05,
M,PRD,B-D,SCA,I21,NL,1956-06,
M,PRD,B-D,SCA,I21,NL,1956-07,
M,PRD,B-D,SCA,I21,NL,1956-08,
M,PRD,B-D,SCA,I21,NL,1956-09,
M,PRD,B-D,SCA,I21,NL,1956-10,
M,PRD,B-D,SCA,I21,NL,1956-11,
M,PRD,B-D,SCA,I21,NL,1956-12,
M,PRD,B-D,SCA,I21,NL,1957-01,
M,PRD,B-D,SCA,I21,NL,1957-02,
M,PRD,B-D,SCA,I21,NL,1957-03,
M,PRD,B-D,SCA,I21,NL,1957-04,
M,PRD,B-D,SCA,I21,NL,1957-05,
M,PRD,B-D,SCA,I21,NL,1957-06,
M,PRD,B-D,SCA,I21,NL,1957-07,
M,PRD,B-D,SCA,I21,NL,1957-08,
M,PRD,B-D,SCA,I21,NL,1957-09,
M,PRD,B-D,SCA,I21,NL,1957-10,
M,PRD,B-D,SCA,I21,NL,1957-11,
M,PRD,B-D,SCA,I21,NL,1957-12,
M,PRD,B-D,SCA,I21,NL,1958-01,
M,PRD,B-D,SCA,I21,NL,1958-02,
M,PRD,B-D,SCA,I21,NL,1958-03,
M,PRD,B-D,SCA,I21,NL,1958-04,
M,PRD,B-D,SCA,I21,NL,1958-05,
M,PRD,B-D,SCA,I21,NL,1958-06,
M,PRD,B-D,SCA,I21,NL,1958-07,
M,PRD,B-D,SCA,I21,NL,1958-08,
M,PRD,B-D,SCA,I21,NL,1958-09,
M,PRD,B-D,SCA,I21,NL,1958-10,
M,PRD,B-D,SCA,I21,NL,1958-11,
M,PRD,B-D,SCA,I21,NL,1958-12,
M,PRD,B-D,SCA,I21,NL,1959-01,
M,PRD,B-D,SCA,I21,NL,1959-02,
M,PRD,B-D,SCA,I21,NL,1959-03,
M,PRD,B-D,SCA,I21,NL,1959-04,
M,PRD,B-D,SCA,I21,NL,1959-05,
M,PRD,B-D,SCA,I21,NL,1959-06,
M,PRD,B-D,SCA,I21,NL,1959-07,
M,PRD,B-D,SCA,I21,NL,1959-08,
M,PRD,B-D,SCA,I21,NL,1959-09,
M,PRD,B-D,SCA,I21,NL,1959-10,
M,PRD,B-D,SCA,I21,NL,1959-11,
M,PRD,B-D,SCA,I21,NL,1959-12,
M,PRD,B-D,SCA,I21,NL,1960-01,
M,PRD,B-D,SCA,I21,NL,1960-02,
M,PRD,B-D,SCA,I21,NL,1960-03,
M,PRD,B-D,SCA,I21,NL,1960-04,
M,PRD,B-D,SCA,I21,NL,1960-05,
M,PRD,B-D,SCA,I21,NL,1960-06,
M,PRD,B-D,SCA,I21,NL,1960-07,
M,PRD,B-D,SCA,I21,NL,1960-08,
M,PRD,B-D,SCA,I21,NL,1960-09,
M,PRD,B-D,SCA,I21,NL,1960-10,
M,PRD,B-D,SCA,I21,NL,1960-11,
M,PRD,B-D,SCA,I21,NL,1960-12,
M,PRD,B-D,SCA,I21,NL,1961-01,
M,PRD,B-D,SCA,I21,NL,1961-02,
M,PRD,B-D,SCA,I21,NL,1961-03,
M,PRD,B-D,SCA,I21,NL,1961-04,
M,PRD,B-D,SCA,I21,NL,1961-05,
M,PRD,B-D,SCA,I21,NL,1961-06,
M,PRD,B-D,SCA,I21,NL,1961-07,
M,PRD,B-D,SCA,I21,NL,1961-08,
M,PRD,B-D,SCA,I21,NL,1961-09,
M,PRD,B-D,SCA,I21,NL,1961-10,
M,PRD,B-D,SCA,I21,NL,1961-11,
M,PRD,B-D,SCA,I21,NL,1961-12,
M,PRD,B-D,SCA,I21,NL,1962-01,
M,PRD,B-D,SCA,I21,NL,1962-02,
M,PRD,B-D,SCA,I21,NL,1962-03,
M,PRD,B-D,SCA,I21,NL,1962-04,
M,PRD,B-D,SCA,I21,NL,1962-05,
M,PRD,B-D,SCA,I21,NL,1962-06,
M,PRD,B-D,SCA,I21,NL,1962-07,
M,PRD,B-D,SCA,I21,NL,1962-08,
M,PRD,B-D,SCA,I21,NL,1962-09,
M,PRD,B-D,SCA,I21,NL,1962-10,
M,PRD,B-D,SCA,I21,NL,1962-11,
M,PRD,B-D,SCA,I21,NL,1962-12,
M,PRD,B-D,SCA,I21,NL,1963-01,
M,PRD,B-D,SCA,I21,NL,1963-02,
M,PRD,B-D,SCA,I21,NL,1963-03,
M,PRD,B-D,SCA,I21,NL,1963-04,
M,PRD,B-D,SCA,I21,NL,1963-05,
M,PRD,B-D,SCA,I21,NL,1963-06,
M,PRD,B-D,SCA,I21,NL,1963-07,
M,PRD,B-D,SCA,I21,NL,1963-08,
M,PRD,B-D,SCA,I21,NL,1963-09,
M,PRD,B-D,SCA,I21,NL,1963-10,
M,PRD,B-D,SCA,I21,NL,1963-11,
M,PRD,B-D,SCA,I21,NL,1963-12,
M,PRD,B-D,SCA,I21,NL,1964-01,
M,PRD,B-D,SCA,I21,NL,1964-02,
M,PRD,B-D,SCA,I21,NL,1964-03,
M,PRD,B-D,SCA,I21,NL,1964-04,
M,PRD,B-D,SCA,I21,NL,1964-05,
M,PRD,B-D,SCA,I21,NL,1964-06,
M,PRD,B-D,SCA,I21,NL,1964-07,
M,PRD,B-D,SCA,I21,NL,1964-08,
M,PRD,B-D,SCA,I21,NL,1964-09,
M,PRD,B-D,SCA,I21,NL,1964-10,
M,PRD,B-D,SCA,I21,NL,1964-11,
M,PRD,B-D,SCA,I21,NL,1964-12,
M,PRD,B-D,SCA,I21,NL,1965-01,
M,PRD,B-D,SCA,I21,NL,1965-02,
M,PRD,B-D,SCA,I21,NL,1965-03,
M,PRD,B-D,SCA,I21,NL,1965-04,
M,PRD,B-D,SCA,I21,NL,1965-05,
M,PRD,B-D,SCA,I21,NL,1965-06,
M,PRD,B-D,SCA,I21,NL,1965-07,
M,PRD,B-D,SCA,I21,NL,1965-08,
M,PRD,B-D,SCA,I21,NL,1965-09,
M,PRD,B-D,SCA,I21,NL,1965-10,
M,PRD,B-D,SCA,I21,NL,1965-11,
M,PRD,B-D,SCA,I21,NL,1965-12,
M,PRD,B-D,SCA,I21,NL,1966-01,
M,PRD,B-D,SCA,I21,NL,1966-02,
M,PRD,B-D,SCA,I21,NL,1966-03,
M,PRD,B-D,SCA,I21,NL,1966-04,
M,PRD,B-D,SCA,I21,NL,1966-05,
M,PRD,B-D,SCA,I21,NL,1966-06,
M,PRD,B-D,SCA,I21,NL,1966-07,
M,PRD,B-D,SCA,I21,NL,1966-08,
M,PRD,B-D,SCA,I21,NL,1966-09,
M,PRD,B-D,SCA,I21,NL,1966-10,
M,PRD,B-D,SCA,I21,NL,1966-11,
M,PRD,B-D,SCA,I21,NL,1966-12,
M,PRD,B-D,SCA,I21,NL,1967-01,
M,PRD,B-D,SCA,I21,NL,1967-02,
M,PRD,B-D,SCA,I21,NL,1967-03,
M,PRD,B-D,SCA,I21,NL,1967-04,
M,PRD,B-D,SCA,I21,NL,1967-05,
M,PRD,B-D,SCA,I21,NL,1967-06,
M,PRD,B-D,SCA,I21,NL,1967-07,
M,PRD,B-D,SCA,I21,NL,1967-08,
M,PRD,B-D,SCA,I21,NL,1967-09,
M,PRD,B-D,SCA,I21,NL,1967-10,
M,PRD,B-D,SCA,I21,NL,1967-11,
M,PRD,B-D,SCA,I21,NL,1967-12,
M,PRD,B-D,SCA,I21,NL,1968-01,
M,PRD,B-D,SCA,I21,NL,1968-02,
M,PRD,B-D,SCA,I21,NL,1968-03,
M,PRD,B-D,SCA,I21,NL,1968-04,
M,PRD,B-D,SCA,I21,NL,1968-05,
M,PRD,B-D,SCA,I21,NL,1968-06,
M,PRD,B-D,SCA,I21,NL,1968-07,
M,PRD,B-D,SCA,I21,NL,1968-08,
M,PRD,B-D,SCA,I21,NL,1968-09,
M,PRD,B-D,SCA,I21,NL,1968-10,
M,PRD,B-D,SCA,I21,NL,1968-11,
M,PRD,B-D,SCA,I21,NL,1968-12,
M,PRD,B-D,SCA,I21,NL,1969-01,
M,PRD,B-D,SCA,I21,NL,1969-02,
M,PRD,B-D,SCA,I21,NL,1969-03,
M,PRD,B-D,SCA,I21,NL,1969-04,
M,PRD,B-D,SCA,I21,NL,1969-05,
M,PRD,B-D,SCA,I21,NL,1969-06,
M,PRD,B-D,SCA,I21,NL,1969-07,
M,PRD,B-D,SCA,I21,NL,1969-08,
M,PRD,B-D,SCA,I21,NL,1969-09,
M,PRD,B-D,SCA,I21,NL,1969-10,
M,PRD,B-D,SCA,I21,NL,1969-11,
M,PRD,B-D,SCA,I21,NL,1969-12,
M,PRD,B-D,SCA,I21,NL,1970-01,
M,PRD,B-D,SCA,I21,NL,1970-02,
M,PRD,B-D,SCA,I21,NL,1970-03,
M,PRD,B-D,SCA,I21,NL,1970-04,
M,PRD,B-D,SCA,I21,NL,1970-05,
M,PRD,B-D,SCA,I21,NL,1970-06,
M,PRD,B-D,SCA,I21,NL,1970-07,
M,PRD,B-D,SCA,I21,NL,1970-08,
M,PRD,B-D,SCA,I21,NL,1970-09,
M,PRD,B-D,SCA,I21,NL,1970-10,
M,PRD,B-D,SCA,I21,NL,1970-11,
M,PRD,B-D,SCA,I21,NL,1970-12,
M,PRD,B-D,SCA,I21,NL,1971-01,
M,PRD,B-D,SCA,I21,NL,1971-02,
M,PRD,B-D,SCA,I21,NL,1971-03,
M,PRD,B-D,SCA,I21,NL,1971-04,
M,PRD,B-D,SCA,I21,NL,1971-05,
M,PRD,B-D,SCA,I21,NL,1971-06,
M,PRD,B-D,SCA,I21,NL,1971-07,
M,PRD,B-D,SCA,I21,NL,1971-08,
M,PRD,B-D,SCA,I21,NL,1971-09,
M,PRD,B-D,SCA,I21,NL,1971-10,
M,PRD,B-D,SCA,I21,NL,1971-11,
M,PRD,B-D,SCA,I21,NL,1971-12,
M,PRD,B-D,SCA,I21,NL,1972-01,
M,PRD,B-D,SCA,I21,NL,1972-02,
M,PRD,B-D,SCA,I21,NL,1972-03,
M,PRD,B-D,SCA,I21,NL,1972-04,
M,PRD,B-D,SCA,I21,NL,1972-05,
M,PRD,B-D,SCA,I21,NL,1972-06,
M,PRD,B-D,SCA,I21,NL,1972-07,
M,PRD,B-D,SCA,I21,NL,1972-08,
M,PRD,B-D,SCA,I21,NL,1972-09,
M,PRD,B-D,SCA,I21,NL,1972-10,
M,PRD,B-D,SCA,I21,NL,1972-11,
M,PRD,B-D,SCA,I21,NL,1972-12,
M,PRD,B-D,SCA,I21,NL,1973-01,
M,PRD,B-D,SCA,I21,NL,1973-02,
M,PRD,B-D,SCA,I21,NL,1973-03,
M,PRD,B-D,SCA,I21,NL,1973-04,
M,PRD,B-D,SCA,I21,NL,1973-05,
M,PRD,B-D,SCA,I21,NL,1973-06,
M,PRD,B-D,SCA,I21,NL,1973-07,
M,PRD,B-D,SCA,I21,NL,1973-08,
M,PRD,B-D,SCA,I21,NL,1973-09,
M,PRD,B-D,SCA,I21,NL,1973-10,
M,PRD,B-D,SCA,I21,NL,1973-11,
M,PRD,B-D,SCA,I21,NL,1973-12,
M,PRD,B-D,SCA,I21,NL,1974-01,
M,PRD,B-D,SCA,I21,NL,1974-02,
M,PRD,B-D,SCA,I21,NL,1974-03,
M,PRD,B-D,SCA,I21,NL,1974-04,
M,PRD,B-D,SCA,I21,NL,1974-05,
M,PRD,B-D,SCA,I21,NL,1974-06,
M,PRD,B-D,SCA,I21,NL,1974-07,
M,PRD,B-D,SCA,I21,NL,1974-08,
M,PRD,B-D,SCA,I21,NL,1974-09,
M,PRD,B-D,SCA,I21,NL,1974-10,
M,PRD,B-D,SCA,I21,NL,1974-11,
M,PRD,B-D,SCA,I21,NL,1974-12,
M,PRD,B-D,SCA,I21,NL,1975-01,
M,PRD,B-D,SCA,I21,NL,1975-02,
M,PRD,B-D,SCA,I21,NL,1975-03,
M,PRD,B-D,SCA,I21,NL,1975-04,
M,PRD,B-D,SCA,I21,NL,1975-05,
M,PRD,B-D,SCA,I21,NL,1975-06,
M,PRD,B-D,SCA,I21,NL,1975-07,
M,PRD,B-D,SCA,I21,NL,1975-08,
M,PRD,B-D,SCA,I21,NL,1975-09,
M,PRD,B-D,SCA,I21,NL,1975-10,
M,PRD,B-D,SCA,I21,NL,1975-11,
M,PRD,B-D,SCA,I21,NL,1975-12,
M,PRD,B-D,SCA,I21,NL,1976-01,
M,PRD,B-D,SCA,I21,NL,1976-02,
M,PRD,B-D,SCA,I21,NL,1976-03,
M,PRD,B-D,SCA,I21,NL,1976-04,
M,PRD,B-D,SCA,I21,NL,1976-05,
M,PRD,B-D,SCA,I21,NL,1976-06,
M,PRD,B-D,SCA,I21,NL,1976-07,
M,PRD,B-D,SCA,I21,NL,1976-08,
M,PRD,B-D,SCA,I21,NL,1976-09,
M,PRD,B-D,SCA,I21,NL,1976-10,
M,PRD,B-D,SCA,I21,NL,1976-11,
M,PRD,B-D,SCA,I21,NL,1976-12,
M,PRD,B-D,SCA,I21,NL,1977-01,
M,PRD,B-D,SCA,I21,NL,1977-02,
M,PRD,B-D,SCA,I21,NL,1977-03,
M,PRD,B-D,SCA,I21,NL,1977-04,
M,PRD,B-D,SCA,I21,NL,1977-05,
M,PRD,B-D,SCA,I21,NL,1977-06,
M,PRD,B-D,SCA,I21,NL,1977-07,
M,PRD,B-D,SCA,I21,NL,1977-08,
M,PRD,B-D,SCA,I21,NL,1977-09,
M,PRD,B-D,SCA,I21,NL,1977-10,
M,PRD,B-D,SCA,I21,NL,1977-11,
M,PRD,B-D,SCA,I21,NL,1977-12,
M,PRD,B-D,SCA,I21,NL,1978-01,
M,PRD,B-D,SCA,I21,NL,1978-02,
M,PRD,B-D,SCA,I21,NL,1978-03,
M,PRD,B-D,SCA,I21,NL,1978-04,
M,PRD,B-D,SCA,I21,NL,1978-05,
M,PRD,B-D,SCA,I21,NL,1978-06,
M,PRD,B-D,SCA,I21,NL,1978-07,
M,PRD,B-D,SCA,I21,NL,1978-08,
M,PRD,B-D,SCA,I21,NL,1978-09,
M,PRD,B-D,SCA,I21,NL,1978-10,
M,PRD,B-D,SCA,I21,NL,1978-11,
M,PRD,B-D,SCA,I21,NL,1978-12,
M,PRD,B-D,SCA,I21,NL,1979-01,
M,PRD,B-D,SCA,I21,NL,1979-02,
M,PRD,B-D,SCA,I21,NL,1979-03,
M,PRD,B-D,SCA,I21,NL,1979-04,
M,PRD,B-D,SCA,I21,NL,1979-05,
M,PRD,B-D,SCA,I21,NL,1979-06,
M,PRD,B-D,SCA,I21,NL,1979-07,
M,PRD,B-D,SCA,I21,NL,1979-08,
M,PRD,B-D,SCA,I21,NL,1979-09,
M,PRD,B-D,SCA,I21,NL,1979-10,
M,PRD,B-D,SCA,I21,NL,1979-11,
M,PRD,B-D,SCA,I21,NL,1979-12,
M,PRD,B-D,SCA,I21,NL,1980-01,
M,PRD,B-D,SCA,I21,NL,1980-02,
M,PRD,B-D,SCA,I21,NL,1980-03,
M,PRD,B-D,SCA,I21,NL,1980-04,
M,PRD,B-D,SCA,I21,NL,1980-05,
M,PRD,B-D,SCA,I21,NL,1980-06,
M,PRD,B-D,SCA,I21,NL,1980-07,
M,PRD,B-D,SCA,I21,NL,1980-08,
M,PRD,B-D,SCA,I21,NL,1980-09,
M,PRD,B-D,SCA,I21,NL,1980-10,
M,PRD,B-D,SCA,I21,NL,1980-11,
M,PRD,B-D,SCA,I21,NL,1980-12,
M,PRD,B-D,SCA,I21,NL,1981-01,
M,PRD,B-D,SCA,I21,NL,1981-02,
M,PRD,B-D,SCA,I21,NL,1981-03,
M,PRD,B-D,SCA,I21,NL,1981-04,
M,PRD,B-D,SCA,I21,NL,1981-05,
M,PRD,B-D,SCA,I21,NL,1981-06,
M,PRD,B-D,SCA,I21,NL,1981-07,
M,PRD,B-D,SCA,I21,NL,1981-08,
M,PRD,B-D,SCA,I21,NL,1981-09,
M,PRD,B-D,SCA,I21,NL,1981-10,
M,PRD,B-D,SCA,I21,NL,1981-11,
M,PRD,B-D,SCA,I21,NL,1981-12,
M,PRD,B-D,SCA,I21,NL,1982-01,
M,PRD,B-D,SCA,I21,NL,1982-02,
M,PRD,B-D,SCA,I21,NL,1982-03,
M,PRD,B-D,SCA,I21,NL,1982-04,
M,PRD,B-D,SCA,I21,NL,1982-05,
M,PRD,B-D,SCA,I21,NL,1982-06,
M,PRD,B-D,SCA,I21,NL,1982-07,
M,PRD,B-D,SCA,I21,NL,1982-08,
M,PRD,B-D,SCA,I21,NL,1982-09,
M,PRD,B-D,SCA,I21,NL,1982-10,
M,PRD,B-D,SCA,I21,NL,1982-11,
M,PRD,B-D,SCA,I21,NL,1982-12,
M,PRD,B-D,SCA,I21,NL,1983-01,
M,PRD,B-D,SCA,I21,NL,1983-02,
M,PRD,B-D,SCA,I21,NL,1983-03,
M,PRD,B-D,SCA,I21,NL,1983-04,
M,PRD,B-D,SCA,I21,NL,1983-05,
M,PRD,B-D,SCA,I21,NL,1983-06,
M,PRD,B-D,SCA,I21,NL,1983-07,
M,PRD,B-D,SCA,I21,NL,1983-08,
M,PRD,B-D,SCA,I21,NL,1983-09,
M,PRD,B-D,SCA,I21,NL,1983-10,
M,PRD,B-D,SCA,I21,NL,1983-11,
M,PRD,B-D,SCA,I21,NL,1983-12,
M,PRD,B-D,SCA,I21,NL,1984-01,
M,PRD,B-D,SCA,I21,NL,1984-02,
M,PRD,B-D,SCA,I21,NL,1984-03,
M,PRD,B-D,SCA,I21,NL,1984-04,
M,PRD,B-D,SCA,I21,NL,1984-05,
M,PRD,B-D,SCA,I21,NL,1984-06,
M,PRD,B-D,SCA,I21,NL,1984-07,
M,PRD,B-D,SCA,I21,NL,1984-08,
M,PRD,B-D,SCA,I21,NL,1984-09,
M,PRD,B-D,SCA,I21,NL,1984-10,
M,PRD,B-D,SCA,I21,NL,1984-11,
M,PRD,B-D,SCA,I21,NL,1984-12,
M,PRD,B-D,SCA,I21,NL,1985-01,
M,PRD,B-D,SCA,I21,NL,1985-02,
M,PRD,B-D,SCA,I21,NL,1985-03,
M,PRD,B-D,SCA,I21,NL,1985-04,
M,PRD,B-D,SCA,I21,NL,1985-05,
M,PRD,B-D,SCA,I21,NL,1985-06,
M,PRD,B-D,SCA,I21,NL,1985-07,
M,PRD,B-D,SCA,I21,NL,1985-08,
M,PRD,B-D,SCA,I21,NL,1985-09,
M,PRD,B-D,SCA,I21,NL,1985-10,
M,PRD,B-D,SCA,I21,NL,1985-11,
M,PRD,B-D,SCA,I21,NL,1985-12,
M,PRD,B-D,SCA,I21,NL,1986-01,
M,PRD,B-D,SCA,I21,NL,1986-02,
M,PRD,B-D,SCA,I21,NL,1986-03,
M,PRD,B-D,SCA,I21,NL,1986-04,
M,PRD,B-D,SCA,I21,NL,1986-05,
M,PRD,B-D,SCA,I21,NL,1986-06,
M,PRD,B-D,SCA,I21,NL,1986-07,
M,PRD,B-D,SCA,I21,NL,1986-08,
M,PRD,B-D,SCA,I21,NL,1986-09,
M,PRD,B-D,SCA,I21,NL,1986-10,
M,PRD,B-D,SCA,I21,NL,1986-11,
M,PRD,B-D,SCA,I21,NL,1986-12,
M,PRD,B-D,SCA,I21,NL,1987-01,
M,PRD,B-D,SCA,I21,NL,1987-02,
M,PRD,B-D,SCA,I21,NL,1987-03,
M,PRD,B-D,SCA,I21,NL,1987-04,
M,PRD,B-D,SCA,I21,NL,1987-05,
M,PRD,B-D,SCA,I21,NL,1987-06,
M,PRD,B-D,SCA,I21,NL,1987-07,
M,PRD,B-D,SCA,I21,NL,1987-08,
M,PRD,B-D,SCA,I21,NL,1987-09,
M,PRD,B-D,SCA,I21,NL,1987-10,
M,PRD,B-D,SCA,I21,NL,1987-11,
M,PRD,B-D,SCA,I21,NL,1987-12,
M,PRD,B-D,SCA,I21,NL,1988-01,
M,PRD,B-D,SCA,I21,NL,1988-02,
M,PRD,B-D,SCA,I21,NL,1988-03,
M,PRD,B-D,SCA,I21,NL,1988-04,
M,PRD,B-D,SCA,I21,NL,1988-05,
M,PRD,B-D,SCA,I21,NL,1988-06,
M,PRD,B-D,SCA,I21,NL,1988-07,
M,PRD,B-D,SCA,I21,NL,1988-08,
M,PRD,B-D,SCA,I21,NL,1988-09,
M,PRD,B-D,SCA,I21,NL,1988-10,
M,PRD,B-D,SCA,I21,NL,1988-11,
M,PRD,B-D,SCA,I21,NL,1988-12,
M,PRD,B-D,SCA,I21,NL,1989-01,
M,PRD,B-D,SCA,I21,NL,1989-02,
M,PRD,B-D,SCA,I21,NL,1989-03,
M,PRD,B-D,SCA,I21,NL,1989-04,
M,PRD,B-D,SCA,I21,NL,1989-05,
M,PRD,B-D,SCA,I21,NL,1989-06,
M,PRD,B-D,SCA,I21,NL,1989-07,
M,PRD,B-D,SCA,I21,NL,1989-08,
M,PRD,B-D,SCA,I21,NL,1989-09,
M,PRD,B-D,SCA,I21,NL,1989-10,
M,PRD,B-D,SCA,I21,NL,1989-11,
M,PRD,B-D,SCA,I21,NL,1989-12,
M,PRD,B-D,SCA,I21,NL,1990-01,
M,PRD,B-D,SCA,I21,NL,1990-02,
M,PRD,B-D,SCA,I21,NL,1990-03,
M,PRD,B-D,SCA,I21,NL,1990-04,
M,PRD,B-D,SCA,I21,NL,1990-05,
M,PRD,B-D,SCA,I21,NL,1990-06,
M,PRD,B-D,SCA,I21,NL,1990-07,
M,PRD,B-D,SCA,I21,NL,1990-08,
M,PRD,B-D,SCA,I21,NL,1990-09,
M,PRD,B-D,SCA,I21,NL,1990-10,
M,PRD,B-D,SCA,I21,NL,1990-11,
M,PRD,B-D,SCA,I21,NL,1990-12,
M,PRD,B-D,SCA,I21,NL,1991-01,
M,PRD,B-D,SCA,I21,NL,1991-02,
M,PRD,B-D,SCA,I21,NL,1991-03,
M,PRD,B-D,SCA,I21,NL,1991-04,
M,PRD,B-D,SCA,I21,NL,1991-05,
M,PRD,B-D,SCA,I21,NL,1991-06,
M,PRD,B-D,SCA,I21,NL,1991-07,
M,PRD,B-D,SCA,I21,NL,1991-08,
M,PRD,B-D,SCA,I21,NL,1991-09,
M,PRD,B-D,SCA,I21,NL,1991-10,
M,PRD,B-D,SCA,I21,NL,1991-11,
M,PRD,B-D,SCA,I21,NL,1991-12,
M,PRD,B-D,SCA,I21,NL,1992-01,
M,PRD,B-D,SCA,I21,NL,1992-02,
M,PRD,B-D,SCA,I21,NL,1992-03,
M,PRD,B-D,SCA,I21,NL,1992-04,
M,PRD,B-D,SCA,I21,NL,1992-05,
M,PRD,B-D,SCA,I21,NL,1992-06,
M,PRD,B-D,SCA,I21,NL,1992-07,
M,PRD,B-D,SCA,I21,NL,1992-08,
M,PRD,B-D,SCA,I21,NL,1992-09,
M,PRD,B-D,SCA,I21,NL,1992-10,
M,PRD,B-D,SCA,I21,NL,1992-11,
M,PRD,B-D,SCA,I21,NL,1992-12,
M,PRD,B-D,SCA,I21,NL,1993-01,
M,PRD,B-D,SCA,I21,NL,1993-02,
M,PRD,B-D,SCA,I21,NL,1993-03,
M,PRD,B-D,SCA,I21,NL,1993-04,
M,PRD,B-D,SCA,I21,NL,1993-05,
M,PRD,B-D,SCA,I21,NL,1993-06,
M,PRD,B-D,SCA,I21,NL,1993-07,
M,PRD,B-D,SCA,I21,NL,1993-08,
M,PRD,B-D,SCA,I21,NL,1993-09,
M,PRD,B-D,SCA,I21,NL,1993-10,
M,PRD,B-D,SCA,I21,NL,1993-11,
M,PRD,B-D,SCA,I21,NL,1993-12,
M,PRD,B-D,SCA,I21,NL,1994-01,
M,PRD,B-D,SCA,I21,NL,1994-02,
M,PRD,B-D,SCA,I21,NL,1994-03,
M,PRD,B-D,SCA,I21,NL,1994-04,
M,PRD,B-D,SCA,I21,NL,1994-05,
M,PRD,B-D,SCA,I21,NL,1994-06,
M,PRD,B-D,SCA,I21,NL,1994-07,
M,PRD,B-D,SCA,I21,NL,1994-08,
M,PRD,B-D,SCA,I21,NL,1994-09,
M,PRD,B-D,SCA,I21,NL,1994-10,
M,PRD,B-D,SCA,I21,NL,1994-11,
M,PRD,B-D,SCA,I21,NL,1994-12,
M,PRD,B-D,SCA,I21,NL,1995-01,
M,PRD,B-D,SCA,I21,NL,1995-02,
M,PRD,B-D,SCA,I21,NL,1995-03,
M,PRD,B-D,SCA,I21,NL,1995-04,
M,PRD,B-D,SCA,I21,NL,1995-05,
M,PRD,B-D,SCA,I21,NL,1995-06,
M,PRD,B-D,SCA,I21,NL,1995-07,
M,PRD,B-D,SCA,I21,NL,1995-08,
M,PRD,B-D,SCA,I21,NL,1995-09,
M,PRD,B-D,SCA,I21,NL,1995-10,
M,PRD,B-D,SCA,I21,NL,1995-11,
M,PRD,B-D,SCA,I21,NL,1995-12,
M,PRD,B-D,SCA,I21,NL,1996-01,
M,PRD,B-D,SCA,I21,NL,1996-02,
M,PRD,B-D,SCA,I21,NL,1996-03,
M,PRD,B-D,SCA,I21,NL,1996-04,
M,PRD,B-D,SCA,I21,NL,1996-05,
M,PRD,B-D,SCA,I21,NL,1996-06,
M,PRD,B-D,SCA,I21,NL,1996-07,
M,PRD,B-D,SCA,I21,NL,1996-08,
M,PRD,B-D,SCA,I21,NL,1996-09,
M,PRD,B-D,SCA,I21,NL,1996-10,
M,PRD,B-D,SCA,I21,NL,1996-11,
M,PRD,B-D,SCA,I21,NL,1996-12,
M,PRD,B-D,SCA,I21,NL,1997-01,
M,PRD,B-D,SCA,I21,NL,1997-02,
M,PRD,B-D,SCA,I21,NL,1997-03,
M,PRD,B-D,SCA,I21,NL,1997-04,
M,PRD,B-D,SCA,I21,NL,1997-05,
M,PRD,B-D,SCA,I21,NL,1997-06,
M,PRD,B-D,SCA,I21,NL,1997-07,
M,PRD,B-D,SCA,I21,NL,1997-08,
M,PRD,B-D,SCA,I21,NL,1997-09,
M,PRD,B-D,SCA,I21,NL,1997-10,
M,PRD,B-D,SCA,I21,NL,1997-11,
M,PRD,B-D,SCA,I21,NL,1997-12,
M,PRD,B-D,SCA,I21,NL,1998-01,
M,PRD,B-D,SCA,I21,NL,1998-02,
M,PRD,B-D,SCA,I21,NL,1998-03,
M,PRD,B-D,SCA,I21,NL,1998-04,
M,PRD,B-D,SCA,I21,NL,1998-05,
M,PRD,B-D,SCA,I21,NL,1998-06,
M,PRD,B-D,SCA,I21,NL,1998-07,
M,PRD,B-D,SCA,I21,NL,1998-08,
M,PRD,B-D,SCA,I21,NL,1998-09,
M,PRD,B-D,SCA,I21,NL,1998-10,
M,PRD,B-D,SCA,I21,NL,1998-11,
M,PRD,B-D,SCA,I21,NL,1998-12,
M,PRD,B-D,SCA,I21,NL,1999-01,
M,PRD,B-D,SCA,I21,NL,1999-02,
M,PRD,B-D,SCA,I21,NL,1999-03,
M,PRD,B-D,SCA,I21,NL,1999-04,
M,PRD,B-D,SCA,I21,NL,1999-05,
M,PRD,B-D,SCA,I21,NL,1999-06,
M,PRD,B-D,SCA,I21,NL,1999-07,
M,PRD,B-D,SCA,I21,NL,1999-08,
M,PRD,B-D,SCA,I21,NL,1999-09,
M,PRD,B-D,SCA,I21,NL,1999-10,
M,PRD,B-D,SCA,I21,NL,1999-11,
M,PRD,B-D,SCA,I21,NL,1999-12,
M,PRD,B-D,SCA,I21,NL,2000-01,90.4
M,PRD,B-D,SCA,I21,NL,2000-02,91.8
M,PRD,B-D,SCA,I21,NL,2000-03,92.0
M,PRD,B-D,SCA,I21,NL,2000-04,92.8
M,PRD,B-D,SCA,I21,NL,2000-05,93.1
M,PRD,B-D,SCA,I21,NL,2000-06,92.9
M,PRD,B-D,SCA,I21,NL,2000-07,95.8
M,PRD,B-D,SCA,I21,NL,2000-08,91.0
M,PRD,B-D,SCA,I21,NL,2000-09,89.4
M,PRD,B-D,SCA,I21,NL,2000-10,89.8
M,PRD,B-D,SCA,I21,NL,2000-11,91.2
M,PRD,B-D,SCA,I21,NL,2000-12,89.0
M,PRD,B-D,SCA,I21,NL,2001-01,91.6
M,PRD,B-D,SCA,I21,NL,2001-02,90.5
M,PRD,B-D,SCA,I21,NL,2001-03,91.7
M,PRD,B-D,SCA,I21,NL,2001-04,98.1
M,PRD,B-D,SCA,I21,NL,2001-05,96.0
M,PRD,B-D,SCA,I21,NL,2001-06,90.4
M,PRD,B-D,SCA,I21,NL,2001-07,92.5
M,PRD,B-D,SCA,I21,NL,2001-08,93.8
M,PRD,B-D,SCA,I21,NL,2001-09,93.9
M,PRD,B-D,SCA,I21,NL,2001-10,87.8
M,PRD,B-D,SCA,I21,NL,2001-11,92.8
M,PRD,B-D,SCA,I21,NL,2001-12,92.5
M,PRD,B-D,SCA,I21,NL,2002-01,91.4
M,PRD,B-D,SCA,I21,NL,2002-02,90.3
M,PRD,B-D,SCA,I21,NL,2002-03,91.4
M,PRD,B-D,SCA,I21,NL,2002-04,94.2
M,PRD,B-D,SCA,I21,NL,2002-05,96.5
M,PRD,B-D,SCA,I21,NL,2002-06,94.3
M,PRD,B-D,SCA,I21,NL,2002-07,97.5
M,PRD,B-D,SCA,I21,NL,2002-08,92.3
M,PRD,B-D,SCA,I21,NL,2002-09,97.2
M,PRD,B-D,SCA,I21,NL,2002-10,96.3
M,PRD,B-D,SCA,I21,NL,2002-11,89.0
M,PRD,B-D,SCA,I21,NL,2002-12,92.6
M,PRD,B-D,SCA,I21,NL,2003-01,95.5
M,PRD,B-D,SCA,I21,NL,2003-02,97.8
M,PRD,B-D,SCA,I21,NL,2003-03,91.6
M,PRD,B-D,SCA,I21,NL,2003-04,91.2
M,PRD,B-D,SCA,I21,NL,2003-05,89.3
M,PRD,B-D,SCA,I21,NL,2003-06,87.2
M,PRD,B-D,SCA,I21,NL,2003-07,89.6
M,PRD,B-D,SCA,I21,NL,2003-08,90.5
M,PRD,B-D,SCA,I21,NL,2003-09,92.2
M,PRD,B-D,SCA,I21,NL,2003-10,98.1
M,PRD,B-D,SCA,I21,NL,2003-11,91.7
M,PRD,B-D,SCA,I21,NL,2003-12,93.9
M,PRD,B-D,SCA,I21,NL,2004-01,93.5
M,PRD,B-D,SCA,I21,NL,2004-02,96.1
M,PRD,B-D,SCA,I21,NL,2004-03,96.2
M,PRD,B-D,SCA,I21,NL,2004-04,95.2
M,PRD,B-D,SCA,I21,NL,2004-05,96.5
M,PRD,B-D,SCA,I21,NL,2004-06,96.6
M,PRD,B-D,SCA,I21,NL,2004-07,94.9
M,PRD,B-D,SCA,I21,NL,2004-08,99.9
M,PRD,B-D,SCA,I21,NL,2004-09,100.5
M,PRD,B-D,SCA,I21,NL,2004-10,96.2
M,PRD,B-D,SCA,I21,NL,2004-11,95.4
M,PRD,B-D,SCA,I21,NL,2004-12,97.9
M,PRD,B-D,SCA,I21,NL,2005-01,94.2
M,PRD,B-D,SCA,I21,NL,2005-02,97.4
M,PRD,B-D,SCA,I21,NL,2005-03,98.4
M,PRD,B-D,SCA,I21,NL,2005-04,97.2
M,PRD,B-D,SCA,I21,NL,2005-05,97.6
M,PRD,B-D,SCA,I21,NL,2005-06,99.9
M,PRD,B-D,SCA,I21,NL,2005-07,97.2
M,PRD,B-D,SCA,I21,NL,2005-08,96.8
M,PRD,B-D,SCA,I21,NL,2005-09,93.6
M,PRD,B-D,SCA,I21,NL,2005-10,94.4
M,PRD,B-D,SCA,I21,NL,2005-11,98.7
M,PRD,B-D,SCA,I21,NL,2005-12,97.9
M,PRD,B-D,SCA,I21,NL,2006-01,98.1
M,PRD,B-D,SCA,I21,NL,2006-02,100.8
M,PRD,B-D,SCA,I21,NL,2006-03,103.3
M,PRD,B-D,SCA,I21,NL,2006-04,101.3
M,PRD,B-D,SCA,I21,NL,2006-05,98.9
M,PRD,B-D,SCA,I21,NL,2006-06,100.2
M,PRD,B-D,SCA,I21,NL,2006-07,96.8
M,PRD,B-D,SCA,I21,NL,2006-08,97.4
M,PRD,B-D,SCA,I21,NL,2006-09,94.5
M,PRD,B-D,SCA,I21,NL,2006-10,95.4
M,PRD,B-D,SCA,I21,NL,2006-11,99.8
M,PRD,B-D,SCA,I21,NL,2006-12,101.1
M,PRD,B-D,SCA,I21,NL,2007-01,100.0
M,PRD,B-D,SCA,I21,NL,2007-02,100.8
M,PRD,B-D,SCA,I21,NL,2007-03,99.5
M,PRD,B-D,SCA,I21,NL,2007-04,98.6
M,PRD,B-D,SCA,I21,NL,2007-05,100.0
M,PRD,B-D,SCA,I21,NL,2007-06,103.1
M,PRD,B-D,SCA,I21,NL,2007-07,102.1
M,PRD,B-D,SCA,I21,NL,2007-08,103.5
M,PRD,B-D,SCA,I21,NL,2007-09,104.9
M,PRD,B-D,SCA,I21,NL,2007-10,106.0
M,PRD,B-D,SCA,I21,NL,2007-11,109.4
M,PRD,B-D,SCA,I21,NL,2007-12,108.2
M,PRD,B-D,SCA,I21,NL,2008-01,103.3
M,PRD,B-D,SCA,I21,NL,2008-02,104.8
M,PRD,B-D,SCA,I21,NL,2008-03,106.0
M,PRD,B-D,SCA,I21,NL,2008-04,111.6
M,PRD,B-D,SCA,I21,NL,2008-05,102.3
M,PRD,B-D,SCA,I21,NL,2008-06,103.7
M,PRD,B-D,SCA,I21,NL,2008-07,103.8
M,PRD,B-D,SCA,I21,NL,2008-08,102.3
M,PRD,B-D,SCA,I21,NL,2008-09,105.2
M,PRD,B-D,SCA,I21,NL,2008-10,105.4
M,PRD,B-D,SCA,I21,NL,2008-11,100.0
M,PRD,B-D,SCA,I21,NL,2008-12,96.1
M,PRD,B-D,SCA,I21,NL,2009-01,98.7
M,PRD,B-D,SCA,I21,NL,2009-02,94.9
M,PRD,B-D,SCA,I21,NL,2009-03,93.0
M,PRD,B-D,SCA,I21,NL,2009-04,89.6
M,PRD,B-D,SCA,I21,NL,2009-05,94.4
M,PRD,B-D,SCA,I21,NL,2009-06,95.4
M,PRD,B-D,SCA,I21,NL,2009-07,97.4
M,PRD,B-D,SCA,I21,NL,2009-08,96.5
M,PRD,B-D,SCA,I21,NL,2009-09,96.0
M,PRD,B-D,SCA,I21,NL,2009-10,97.9
M,PRD,B-D,SCA,I21,NL,2009-11,97.5
M,PRD,B-D,SCA,I21,NL,2009-12,98.6
M,PRD,B-D,SCA,I21,NL,2010-01,102.9
M,PRD,B-D,SCA,I21,NL,2010-02,101.6
M,PRD,B-D,SCA,I21,NL,2010-03,103.2
M,PRD,B-D,SCA,I21,NL,2010-04,103.1
M,PRD,B-D,SCA,I21,NL,2010-05,108.1
M,PRD,B-D,SCA,I21,NL,2010-06,101.6
M,PRD,B-D,SCA,I21,NL,2010-07,100.1
M,PRD,B-D,SCA,I21,NL,2010-08,102.6
M,PRD,B-D,SCA,I21,NL,2010-09,101.3
M,PRD,B-D,SCA,I21,NL,2010-10,104.0
M,PRD,B-D,SCA,I21,NL,2010-11,105.1
M,PRD,B-D,SCA,I21,NL,2010-12,105.5
M,PRD,B-D,SCA,I21,NL,2011-01,103.9
M,PRD,B-D,SCA,I21,NL,2011-02,104.9
M,PRD,B-D,SCA,I21,NL,2011-03,104.3
M,PRD,B-D,SCA,I21,NL,2011-04,100.9
M,PRD,B-D,SCA,I21,NL,2011-05,102.2
M,PRD,B-D,SCA,I21,NL,2011-06,101.5
M,PRD,B-D,SCA,I21,NL,2011-07,104.1
M,PRD,B-D,SCA,I21,NL,2011-08,104.4
M,PRD,B-D,SCA,I21,NL,2011-09,102.3
M,PRD,B-D,SCA,I21,NL,2011-10,100.4
M,PRD,B-D,SCA,I21,NL,2011-11,100.7
M,PRD,B-D,SCA,I21,NL,2011-12,100.5
M,PRD,B-D,SCA,I21,NL,2012-01,100.9
M,PRD,B-D,SCA,I21,NL,2012-02,104.8
M,PRD,B-D,SCA,I21,NL,2012-03,101.7
M,PRD,B-D,SCA,I21,NL,2012-04,104.8
M,PRD,B-D,SCA,I21,NL,2012-05,103.5
M,PRD,B-D,SCA,I21,NL,2012-06,103.4
M,PRD,B-D,SCA,I21,NL,2012-07,99.8
M,PRD,B-D,SCA,I21,NL,2012-08,101.4
M,PRD,B-D,SCA,I21,NL,2012-09,100.5
M,PRD,B-D,SCA,I21,NL,2012-10,100.4
M,PRD,B-D,SCA,I21,NL,2012-11,101.7
M,PRD,B-D,SCA,I21,NL,2012-12,100.6
M,PRD,B-D,SCA,I21,NL,2013-01,102.3
M,PRD,B-D,SCA,I21,NL,2013-02,103.3
M,PRD,B-D,SCA,I21,NL,2013-03,105.2
M,PRD,B-D,SCA,I21,NL,2013-04,105.3
M,PRD,B-D,SCA,I21,NL,2013-05,105.1
M,PRD,B-D,SCA,I21,NL,2013-06,101.2
M,PRD,B-D,SCA,I21,NL,2013-07,98.8
M,PRD,B-D,SCA,I21,NL,2013-08,101.2
M,PRD,B-D,SCA,I21,NL,2013-09,102.9
M,PRD,B-D,SCA,I21,NL,2013-10,100.3
M,PRD,B-D,SCA,I21,NL,2013-11,103.0
M,PRD,B-D,SCA,I21,NL,2013-12,101.7
M,PRD,B-D,SCA,I21,NL,2014-01,99.0
M,PRD,B-D,SCA,I21,NL,2014-02,98.1
M,PRD,B-D,SCA,I21,NL,2014-03,96.8
M,PRD,B-D,SCA,I21,NL,2014-04,102.0
M,PRD,B-D,SCA,I21,NL,2014-05,101.6
M,PRD,B-D,SCA,I21,NL,2014-06,100.0
M,PRD,B-D,SCA,I21,NL,2014-07,100.6
M,PRD,B-D,SCA,I21,NL,2014-08,101.0
M,PRD,B-D,SCA,I21,NL,2014-09,99.3
M,PRD,B-D,SCA,I21,NL,2014-10,98.2
M,PRD,B-D,SCA,I21,NL,2014-11,98.7
M,PRD,B-D,SCA,I21,NL,2014-12,98.8
M,PRD,B-D,SCA,I21,NL,2015-01,100.8
M,PRD,B-D,SCA,I21,NL,2015-02,101.4
M,PRD,B-D,SCA,I21,NL,2015-03,98.5
M,PRD,B-D,SCA,I21,NL,2015-04,96.3
M,PRD,B-D,SCA,I21,NL,2015-05,95.6
M,PRD,B-D,SCA,I21,NL,2015-06,98.4
M,PRD,B-D,SCA,I21,NL,2015-07,98.3
M,PRD,B-D,SCA,I21,NL,2015-08,94.8
M,PRD,B-D,SCA,I21,NL,2015-09,96.3
M,PRD,B-D,SCA,I21,NL,2015-10,98.6
M,PRD,B-D,SCA,I21,NL,2015-11,98.9
M,PRD,B-D,SCA,I21,NL,2015-12,96.2
M,PRD,B-D,SCA,I21,NL,2016-01,98.6
M,PRD,B-D,SCA,I21,NL,2016-02,99.3
M,PRD,B-D,SCA,I21,NL,2016-03,100.2
M,PRD,B-D,SCA,I21,NL,2016-04,100.0
M,PRD,B-D,SCA,I21,NL,2016-05,98.2
M,PRD,B-D,SCA,I21,NL,2016-06,99.8
M,PRD,B-D,SCA,I21,NL,2016-07,98.2
M,PRD,B-D,SCA,I21,NL,2016-08,97.2
M,PRD,B-D,SCA,I21,NL,2016-09,97.0
M,PRD,B-D,SCA,I21,NL,2016-10,98.2
M,PRD,B-D,SCA,I21,NL,2016-11,100.8
M,PRD,B-D,SCA,I21,NL,2016-12,101.7
M,PRD,B-D,SCA,I21,NL,2017-01,98.9
M,PRD,B-D,SCA,I21,NL,2017-02,101.7
M,PRD,B-D,SCA,I21,NL,2017-03,100.5
M,PRD,B-D,SCA,I21,NL,2017-04,99.0
M,PRD,B-D,SCA,I21,NL,2017-05,99.1
M,PRD,B-D,SCA,I21,NL,2017-06,100.3
M,PRD,B-D,SCA,I21,NL,2017-07,99.5
M,PRD,B-D,SCA,I21,NL,2017-08,99.4
M,PRD,B-D,SCA,I21,NL,2017-09,100.2
M,PRD,B-D,SCA,I21,NL,2017-10,101.8
M,PRD,B-D,SCA,I21,NL,2017-11,102.2
M,PRD,B-D,SCA,I21,NL,2017-12,102.4
M,PRD,B-D,SCA,I21,NL,2018-01,101.7
M,PRD,B-D,SCA,I21,NL,2018-02,101.3
M,PRD,B-D,SCA,I21,NL,2018-03,101.9
M,PRD,B-D,SCA,I21,NL,2018-04,101.2
M,PRD,B-D,SCA,I21,NL,2018-05,101.0
M,PRD,B-D,SCA,I21,NL,2018-06,101.9
M,PRD,B-D,SCA,I21,NL,2018-07,100.4
M,PRD,B-D,SCA,I21,NL,2018-08,101.6
M,PRD,B-D,SCA,I21,NL,2018-09,100.5
M,PRD,B-D,SCA,I21,NL,2018-10,100.4
M,PRD,B-D,SCA,I21,NL,2018-11,100.6
M,PRD,B-D,SCA,I21,NL,2018-12,99.3
M,PRD,B-D,SCA,I21,NL,2019-01,101.3
M,PRD,B-D,SCA,I21,NL,2019-02,99.1
M,PRD,B-D,SCA,I21,NL,2019-03,99.9
M,PRD,B-D,SCA,I21,NL,2019-04,99.2
M,PRD,B-D,SCA,I21,NL,2019-05,100.6
M,PRD,B-D,SCA,I21,NL,2019-06,98.8
M,PRD,B-D,SCA,I21,NL,2019-07,99.0
M,PRD,B-D,SCA,I21,NL,2019-08,99.7
M,PRD,B-D,SCA,I21,NL,2019-09,99.4
M,PRD,B-D,SCA,I21,NL,2019-10,100.4
M,PRD,B-D,SCA,I21,NL,2019-11,98.8
M,PRD,B-D,SCA,I21,NL,2019-12,96.9
M,PRD,B-D,SCA,I21,NL,2020-01,100.0
M,PRD,B-D,SCA,I21,NL,2020-02,100.6
M,PRD,B-D,SCA,I21,NL,2020-03,96.7
M,PRD,B-D,SCA,I21,NL,2020-04,91.6
M,PRD,B-D,SCA,I21,NL,2020-05,93.1
M,PRD,B-D,SCA,I21,NL,2020-06,92.2
M,PRD,B-D,SCA,I21,NL,2020-07,95.3
M,PRD,B-D,SCA,I21,NL,2020-08,96.8
M,PRD,B-D,SCA,I21,NL,2020-09,96.4
M,PRD,B-D,SCA,I21,NL,2020-10,98.6
M,PRD,B-D,SCA,I21,NL,2020-11,97.0
M,PRD,B-D,SCA,I21,NL,2020-12,96.1
M,PRD,B-D,SCA,I21,NL,2021-01,99.1
M,PRD,B-D,SCA,I21,NL,2021-02,96.9
M,PRD,B-D,SCA,I21,NL,2021-03,98.9
M,PRD,B-D,SCA,I21,NL,2021-04,99.3
M,PRD,B-D,SCA,I21,NL,2021-05,99.6
M,PRD,B-D,SCA,I21,NL,2021-06,100.1
M,PRD,B-D,SCA,I21,NL,2021-07,100.2
M,PRD,B-D,SCA,I21,NL,2021-08,99.1
M,PRD,B-D,SCA,I21,NL,2021-09,99.6
M,PRD,B-D,SCA,I21,NL,2021-10,100.1
M,PRD,B-D,SCA,I21,NL,2021-11,101.6
M,PRD,B-D,SCA,I21,NL,2021-12,102.1
M,PRD,B-D,SCA,I21,NL,2022-01,102.5
M,PRD,B-D,SCA,I21,NL,2022-02,100.4
M,PRD,B-D,SCA,I21,NL,2022-03,101.4
M,PRD,B-D,SCA,I21,NL,2022-04,105.9
M,PRD,B-D,SCA,I21,NL,2022-05,104.0
M,PRD,B-D,SCA,I21,NL,2022-06,104.7
M,PRD,B-D,SCA,I21,NL,2022-07,103.5
M,PRD,B-D,SCA,I21,NL,2022-08,103.3
M,PRD,B-D,SCA,I21,NL,2022-09,105.7
M,PRD,B-D,SCA,I21,NL,2022-10,103.6
M,PRD,B-D,SCA,I21,NL,2022-11,103.3
M,PRD,B-D,SCA,I21,NL,2022-12,104.5
M,PRD,B-D,SCA,I21,NL,2023-01,103.0
M,PRD,B-D,SCA,I21,NL,2023-02,102.8
M,PRD,B-D,SCA,I21,NL,2023-03,104.8
M,PRD,B-D,SCA,I21,NL,2023-04,103.2
M,PRD,B-D,SCA,I21,NL,2023-05,102.5
M,PRD,B-D,SCA,I21,NL,2023-06,105.2
M,PRD,B-D,SCA,I21,NL,2023-07,103.2
M,PRD,B-D,SCA,I21,NL,2023-08,102.1
M,PRD,B-D,SCA,I21,NL,2023-09,100.9
M,PRD,B-D,SCA,I21,NL,2023-10,99.8
M,PRD,B-D,SCA,I21,NL,2023-11,99.9
M,PRD,B-D,SCA,I21,NL,2023-12,103.2
M,PRD,B-D,SCA,I21,NL,2024-01,99.9
M,PRD,B-D,SCA,I21,NL,2024-02,100.3
M,PRD,B-D,SCA,I21,NL,2024-03,99.4
M,PRD,B-D,SCA,I21,NL,2024-04,100.2
M,PRD,B-D,SCA,I21,NL,2024-05,99.8
M,PRD,B-D,SCA,I21,NL,2024-06,101.1
M,PRD,B-D,SCA,I21,NL,2024-07,99.9
M,PRD,B-D,SCA,I21,NL,2024-08,101.9
M,PRD,B-D,SCA,I21,NL,2024-09,99.3
M,PRD,B-D,SCA,I21,NL,2024-10,99.8
M,PRD,B-D,SCA,I21,NL,2024-11,101.1
M,PRD,B-D,SCA,I21,NL,2024-12,99.6
M,PRD,B-D,SCA,I21,NL,2025-01,100.4
M,PRD,B-D,SCA,I21,NL,2025-02,101.1
M,PRD,B-D,SCA,I21,NL,2025-03,101.5
M,PRD,B-D,SCA,I21,NL,2025-04,100.4
M,PRD,B-D,SCA,I21,NL,2025-05,100.6
M,PRD,B-D,SCA,I21,NL,2025-06,101.7
M,PRD,B-D,SCA,I21,NL,2025-07,99.4
M,PRD,B-D,SCA,I21,NL,2025-08,101.9
M,PRD,B-D,SCA,I21,NL,2025-09,101.8
M,PRD,B-D,SCA,I21,NL,2025-10,101.9
M,PRD,B-D,SCA,I21,NL,2025-11,101.5
M,PRD,B-D,SCA,I21,NL,2025-12,100.9
M,PRD,B-D,SCA,I21,NL,2026-01,102.8
M,PRD,B-D,SCA,I21,NL,2026-02,100.9
M,PRD,B-D,SCA,I21,NL,2026-03,102.6
M,PRD,B-D,SCA,I21,NL,2026-04,105.3
M,PRD,B-D,SCA,I21,NL,2026-05,106.4
M,PRD,B-D,SCA,I21,NL,2026-06,104.6
M,PRD,B-D,SCA,I21,NL,2026-07,
M,PRD,B-D,SCA,I21,PL,1953-01,
M,PRD,B-D,SCA,I21,PL,1953-02,
M,PRD,B-D,SCA,I21,PL,1953-03,
M,PRD,B-D,SCA,I21,PL,1953-04,
M,PRD,B-D,SCA,I21,PL,1953-05,
M,PRD,B-D,SCA,I21,PL,1953-06,
M,PRD,B-D,SCA,I21,PL,1953-07,
M,PRD,B-D,SCA,I21,PL,1953-08,
M,PRD,B-D,SCA,I21,PL,1953-09,
M,PRD,B-D,SCA,I21,PL,1953-10,
M,PRD,B-D,SCA,I21,PL,1953-11,
M,PRD,B-D,SCA,I21,PL,1953-12,
M,PRD,B-D,SCA,I21,PL,1954-01,
M,PRD,B-D,SCA,I21,PL,1954-02,
M,PRD,B-D,SCA,I21,PL,1954-03,
M,PRD,B-D,SCA,I21,PL,1954-04,
M,PRD,B-D,SCA,I21,PL,1954-05,
M,PRD,B-D,SCA,I21,PL,1954-06,
M,PRD,B-D,SCA,I21,PL,1954-07,
M,PRD,B-D,SCA,I21,PL,1954-08,
M,PRD,B-D,SCA,I21,PL,1954-09,
M,PRD,B-D,SCA,I21,PL,1954-10,
M,PRD,B-D,SCA,I21,PL,1954-11,
M,PRD,B-D,SCA,I21,PL,1954-12,
M,PRD,B-D,SCA,I21,PL,1955-01,
M,PRD,B-D,SCA,I21,PL,1955-02,
M,PRD,B-D,SCA,I21,PL,1955-03,
M,PRD,B-D,SCA,I21,PL,1955-04,
M,PRD,B-D,SCA,I21,PL,1955-05,
M,PRD,B-D,SCA,I21,PL,1955-06,
M,PRD,B-D,SCA,I21,PL,1955-07,
M,PRD,B-D,SCA,I21,PL,1955-08,
M,PRD,B-D,SCA,I21,PL,1955-09,
M,PRD,B-D,SCA,I21,PL,1955-10,
M,PRD,B-D,SCA,I21,PL,1955-11,
M,PRD,B-D,SCA,I21,PL,1955-12,
M,PRD,B-D,SCA,I21,PL,1956-01,
M,PRD,B-D,SCA,I21,PL,1956-02,
M,PRD,B-D,SCA,I21,PL,1956-03,
M,PRD,B-D,SCA,I21,PL,1956-04,
M,PRD,B-D,SCA,I21,PL,1956-05,
M,PRD,B-D,SCA,I21,PL,1956-06,
M,PRD,B-D,SCA,I21,PL,1956-07,
M,PRD,B-D,SCA,I21,PL,1956-08,
M,PRD,B-D,SCA,I21,PL,1956-09,
M,PRD,B-D,SCA,I21,PL,1956-10,
M,PRD,B-D,SCA,I21,PL,1956-11,
M,PRD,B-D,SCA,I21,PL,1956-12,
M,PRD,B-D,SCA,I21,PL,1957-01,
M,PRD,B-D,SCA,I21,PL,1957-02,
M,PRD,B-D,SCA,I21,PL,1957-03,
M,PRD,B-D,SCA,I21,PL,1957-04,
M,PRD,B-D,SCA,I21,PL,1957-05,
M,PRD,B-D,SCA,I21,PL,1957-06,
M,PRD,B-D,SCA,I21,PL,1957-07,
M,PRD,B-D,SCA,I21,PL,1957-08,
M,PRD,B-D,SCA,I21,PL,1957-09,
M,PRD,B-D,SCA,I21,PL,1957-10,
M,PRD,B-D,SCA,I21,PL,1957-11,
M,PRD,B-D,SCA,I21,PL,1957-12,
M,PRD,B-D,SCA,I21,PL,1958-01,
M,PRD,B-D,SCA,I21,PL,1958-02,
M,PRD,B-D,SCA,I21,PL,1958-03,
M,PRD,B-D,SCA,I21,PL,1958-04,
M,PRD,B-D,SCA,I21,PL,1958-05,
M,PRD,B-D,SCA,I21,PL,1958-06,
M,PRD,B-D,SCA,I21,PL,1958-07,
M,PRD,B-D,SCA,I21,PL,1958-08,
M,PRD,B-D,SCA,I21,PL,1958-09,
M,PRD,B-D,SCA,I21,PL,1958-10,
M,PRD,B-D,SCA,I21,PL,1958-11,
M,PRD,B-D,SCA,I21,PL,1958-12,
M,PRD,B-D,SCA,I21,PL,1959-01,
M,PRD,B-D,SCA,I21,PL,1959-02,
M,PRD,B-D,SCA,I21,PL,1959-03,
M,PRD,B-D,SCA,I21,PL,1959-04,
M,PRD,B-D,SCA,I21,PL,1959-05,
M,PRD,B-D,SCA,I21,PL,1959-06,
M,PRD,B-D,SCA,I21,PL,1959-07,
M,PRD,B-D,SCA,I21,PL,1959-08,
M,PRD,B-D,SCA,I21,PL,1959-09,
M,PRD,B-D,SCA,I21,PL,1959-10,
M,PRD,B-D,SCA,I21,PL,1959-11,
M,PRD,B-D,SCA,I21,PL,1959-12,
M,PRD,B-D,SCA,I21,PL,1960-01,
M,PRD,B-D,SCA,I21,PL,1960-02,
M,PRD,B-D,SCA,I21,PL,1960-03,
M,PRD,B-D,SCA,I21,PL,1960-04,
M,PRD,B-D,SCA,I21,PL,1960-05,
M,PRD,B-D,SCA,I21,PL,1960-06,
M,PRD,B-D,SCA,I21,PL,1960-07,
M,PRD,B-D,SCA,I21,PL,1960-08,
M,PRD,B-D,SCA,I21,PL,1960-09,
M,PRD,B-D,SCA,I21,PL,1960-10,
M,PRD,B-D,SCA,I21,PL,1960-11,
M,PRD,B-D,SCA,I21,PL,1960-12,
M,PRD,B-D,SCA,I21,PL,1961-01,
M,PRD,B-D,SCA,I21,PL,1961-02,
M,PRD,B-D,SCA,I21,PL,1961-03,
M,PRD,B-D,SCA,I21,PL,1961-04,
M,PRD,B-D,SCA,I21,PL,1961-05,
M,PRD,B-D,SCA,I21,PL,1961-06,
M,PRD,B-D,SCA,I21,PL,1961-07,
M,PRD,B-D,SCA,I21,PL,1961-08,
M,PRD,B-D,SCA,I21,PL,1961-09,
M,PRD,B-D,SCA,I21,PL,1961-10,
M,PRD,B-D,SCA,I21,PL,1961-11,
M,PRD,B-D,SCA,I21,PL,1961-12,
M,PRD,B-D,SCA,I21,PL,1962-01,
M,PRD,B-D,SCA,I21,PL,1962-02,
M,PRD,B-D,SCA,I21,PL,1962-03,
M,PRD,B-D,SCA,I21,PL,1962-04,
M,PRD,B-D,SCA,I21,PL,1962-05,
M,PRD,B-D,SCA,I21,PL,1962-06,
M,PRD,B-D,SCA,I21,PL,1962-07,
M,PRD,B-D,SCA,I21,PL,1962-08,
M,PRD,B-D,SCA,I21,PL,1962-09,
M,PRD,B-D,SCA,I21,PL,1962-10,
M,PRD,B-D,SCA,I21,PL,1962-11,
M,PRD,B-D,SCA,I21,PL,1962-12,
M,PRD,B-D,SCA,I21,PL,1963-01,
M,PRD,B-D,SCA,I21,PL,1963-02,
M,PRD,B-D,SCA,I21,PL,1963-03,
M,PRD,B-D,SCA,I21,PL,1963-04,
M,PRD,B-D,SCA,I21,PL,1963-05,
M,PRD,B-D,SCA,I21,PL,1963-06,
M,PRD,B-D,SCA,I21,PL,1963-07,
M,PRD,B-D,SCA,I21,PL,1963-08,
M,PRD,B-D,SCA,I21,PL,1963-09,
M,PRD,B-D,SCA,I21,PL,1963-10,
M,PRD,B-D,SCA,I21,PL,1963-11,
M,PRD,B-D,SCA,I21,PL,1963-12,
M,PRD,B-D,SCA,I21,PL,1964-01,
M,PRD,B-D,SCA,I21,PL,1964-02,
M,PRD,B-D,SCA,I21,PL,1964-03,
M,PRD,B-D,SCA,I21,PL,1964-04,
M,PRD,B-D,SCA,I21,PL,1964-05,
M,PRD,B-D,SCA,I21,PL,1964-06,
M,PRD,B-D,SCA,I21,PL,1964-07,
M,PRD,B-D,SCA,I21,PL,1964-08,
M,PRD,B-D,SCA,I21,PL,1964-09,
M,PRD,B-D,SCA,I21,PL,1964-10,
M,PRD,B-D,SCA,I21,PL,1964-11,
M,PRD,B-D,SCA,I21,PL,1964-12,
M,PRD,B-D,SCA,I21,PL,1965-01,
M,PRD,B-D,SCA,I21,PL,1965-02,
M,PRD,B-D,SCA,I21,PL,1965-03,
M,PRD,B-D,SCA,I21,PL,1965-04,
M,PRD,B-D,SCA,I21,PL,1965-05,
M,PRD,B-D,SCA,I21,PL,1965-06,
M,PRD,B-D,SCA,I21,PL,1965-07,
M,PRD,B-D,SCA,I21,PL,1965-08,
M,PRD,B-D,SCA,I21,PL,1965-09,
M,PRD,B-D,SCA,I21,PL,1965-10,
M,PRD,B-D,SCA,I21,PL,1965-11,
M,PRD,B-D,SCA,I21,PL,1965-12,
M,PRD,B-D,SCA,I21,PL,1966-01,
M,PRD,B-D,SCA,I21,PL,1966-02,
M,PRD,B-D,SCA,I21,PL,1966-03,
M,PRD,B-D,SCA,I21,PL,1966-04,
M,PRD,B-D,SCA,I21,PL,1966-05,
M,PRD,B-D,SCA,I21,PL,1966-06,
M,PRD,B-D,SCA,I21,PL,1966-07,
M,PRD,B-D,SCA,I21,PL,1966-08,
M,PRD,B-D,SCA,I21,PL,1966-09,
M,PRD,B-D,SCA,I21,PL,1966-10,
M,PRD,B-D,SCA,I21,PL,1966-11,
M,PRD,B-D,SCA,I21,PL,1966-12,
M,PRD,B-D,SCA,I21,PL,1967-01,
M,PRD,B-D,SCA,I21,PL,1967-02,
M,PRD,B-D,SCA,I21,PL,1967-03,
M,PRD,B-D,SCA,I21,PL,1967-04,
M,PRD,B-D,SCA,I21,PL,1967-05,
M,PRD,B-D,SCA,I21,PL,1967-06,
M,PRD,B-D,SCA,I21,PL,1967-07,
M,PRD,B-D,SCA,I21,PL,1967-08,
M,PRD,B-D,SCA,I21,PL,1967-09,
M,PRD,B-D,SCA,I21,PL,1967-10,
M,PRD,B-D,SCA,I21,PL,1967-11,
M,PRD,B-D,SCA,I21,PL,1967-12,
M,PRD,B-D,SCA,I21,PL,1968-01,
M,PRD,B-D,SCA,I21,PL,1968-02,
M,PRD,B-D,SCA,I21,PL,1968-03,
M,PRD,B-D,SCA,I21,PL,1968-04,
M,PRD,B-D,SCA,I21,PL,1968-05,
M,PRD,B-D,SCA,I21,PL,1968-06,
M,PRD,B-D,SCA,I21,PL,1968-07,
M,PRD,B-D,SCA,I21,PL,1968-08,
M,PRD,B-D,SCA,I21,PL,1968-09,
M,PRD,B-D,SCA,I21,PL,1968-10,
M,PRD,B-D,SCA,I21,PL,1968-11,
M,PRD,B-D,SCA,I21,PL,1968-12,
M,PRD,B-D,SCA,I21,PL,1969-01,
M,PRD,B-D,SCA,I21,PL,1969-02,
M,PRD,B-D,SCA,I21,PL,1969-03,
M,PRD,B-D,SCA,I21,PL,1969-04,
M,PRD,B-D,SCA,I21,PL,1969-05,
M,PRD,B-D,SCA,I21,PL,1969-06,
M,PRD,B-D,SCA,I21,PL,1969-07,
M,PRD,B-D,SCA,I21,PL,1969-08,
M,PRD,B-D,SCA,I21,PL,1969-09,
M,PRD,B-D,SCA,I21,PL,1969-10,
M,PRD,B-D,SCA,I21,PL,1969-11,
M,PRD,B-D,SCA,I21,PL,1969-12,
M,PRD,B-D,SCA,I21,PL,1970-01,
M,PRD,B-D,SCA,I21,PL,1970-02,
M,PRD,B-D,SCA,I21,PL,1970-03,
M,PRD,B-D,SCA,I21,PL,1970-04,
M,PRD,B-D,SCA,I21,PL,1970-05,
M,PRD,B-D,SCA,I21,PL,1970-06,
M,PRD,B-D,SCA,I21,PL,1970-07,
M,PRD,B-D,SCA,I21,PL,1970-08,
M,PRD,B-D,SCA,I21,PL,1970-09,
M,PRD,B-D,SCA,I21,PL,1970-10,
M,PRD,B-D,SCA,I21,PL,1970-11,
M,PRD,B-D,SCA,I21,PL,1970-12,
M,PRD,B-D,SCA,I21,PL,1971-01,
M,PRD,B-D,SCA,I21,PL,1971-02,
M,PRD,B-D,SCA,I21,PL,1971-03,
M,PRD,B-D,SCA,I21,PL,1971-04,
M,PRD,B-D,SCA,I21,PL,1971-05,
M,PRD,B-D,SCA,I21,PL,1971-06,
M,PRD,B-D,SCA,I21,PL,1971-07,
M,PRD,B-D,SCA,I21,PL,1971-08,
M,PRD,B-D,SCA,I21,PL,1971-09,
M,PRD,B-D,SCA,I21,PL,1971-10,
M,PRD,B-D,SCA,I21,PL,1971-11,
M,PRD,B-D,SCA,I21,PL,1971-12,
M,PRD,B-D,SCA,I21,PL,1972-01,
M,PRD,B-D,SCA,I21,PL,1972-02,
M,PRD,B-D,SCA,I21,PL,1972-03,
M,PRD,B-D,SCA,I21,PL,1972-04,
M,PRD,B-D,SCA,I21,PL,1972-05,
M,PRD,B-D,SCA,I21,PL,1972-06,
M,PRD,B-D,SCA,I21,PL,1972-07,
M,PRD,B-D,SCA,I21,PL,1972-08,
M,PRD,B-D,SCA,I21,PL,1972-09,
M,PRD,B-D,SCA,I21,PL,1972-10,
M,PRD,B-D,SCA,I21,PL,1972-11,
M,PRD,B-D,SCA,I21,PL,1972-12,
M,PRD,B-D,SCA,I21,PL,1973-01,
M,PRD,B-D,SCA,I21,PL,1973-02,
M,PRD,B-D,SCA,I21,PL,1973-03,
M,PRD,B-D,SCA,I21,PL,1973-04,
M,PRD,B-D,SCA,I21,PL,1973-05,
M,PRD,B-D,SCA,I21,PL,1973-06,
M,PRD,B-D,SCA,I21,PL,1973-07,
M,PRD,B-D,SCA,I21,PL,1973-08,
M,PRD,B-D,SCA,I21,PL,1973-09,
M,PRD,B-D,SCA,I21,PL,1973-10,
M,PRD,B-D,SCA,I21,PL,1973-11,
M,PRD,B-D,SCA,I21,PL,1973-12,
M,PRD,B-D,SCA,I21,PL,1974-01,
M,PRD,B-D,SCA,I21,PL,1974-02,
M,PRD,B-D,SCA,I21,PL,1974-03,
M,PRD,B-D,SCA,I21,PL,1974-04,
M,PRD,B-D,SCA,I21,PL,1974-05,
M,PRD,B-D,SCA,I21,PL,1974-06,
M,PRD,B-D,SCA,I21,PL,1974-07,
M,PRD,B-D,SCA,I21,PL,1974-08,
M,PRD,B-D,SCA,I21,PL,1974-09,
M,PRD,B-D,SCA,I21,PL,1974-10,
M,PRD,B-D,SCA,I21,PL,1974-11,
M,PRD,B-D,SCA,I21,PL,1974-12,
M,PRD,B-D,SCA,I21,PL,1975-01,
M,PRD,B-D,SCA,I21,PL,1975-02,
M,PRD,B-D,SCA,I21,PL,1975-03,
M,PRD,B-D,SCA,I21,PL,1975-04,
M,PRD,B-D,SCA,I21,PL,1975-05,
M,PRD,B-D,SCA,I21,PL,1975-06,
M,PRD,B-D,SCA,I21,PL,1975-07,
M,PRD,B-D,SCA,I21,PL,1975-08,
M,PRD,B-D,SCA,I21,PL,1975-09,
M,PRD,B-D,SCA,I21,PL,1975-10,
M,PRD,B-D,SCA,I21,PL,1975-11,
M,PRD,B-D,SCA,I21,PL,1975-12,
M,PRD,B-D,SCA,I21,PL,1976-01,
M,PRD,B-D,SCA,I21,PL,1976-02,
M,PRD,B-D,SCA,I21,PL,1976-03,
M,PRD,B-D,SCA,I21,PL,1976-04,
M,PRD,B-D,SCA,I21,PL,1976-05,
M,PRD,B-D,SCA,I21,PL,1976-06,
M,PRD,B-D,SCA,I21,PL,1976-07,
M,PRD,B-D,SCA,I21,PL,1976-08,
M,PRD,B-D,SCA,I21,PL,1976-09,
M,PRD,B-D,SCA,I21,PL,1976-10,
M,PRD,B-D,SCA,I21,PL,1976-11,
M,PRD,B-D,SCA,I21,PL,1976-12,
M,PRD,B-D,SCA,I21,PL,1977-01,
M,PRD,B-D,SCA,I21,PL,1977-02,
M,PRD,B-D,SCA,I21,PL,1977-03,
M,PRD,B-D,SCA,I21,PL,1977-04,
M,PRD,B-D,SCA,I21,PL,1977-05,
M,PRD,B-D,SCA,I21,PL,1977-06,
M,PRD,B-D,SCA,I21,PL,1977-07,
M,PRD,B-D,SCA,I21,PL,1977-08,
M,PRD,B-D,SCA,I21,PL,1977-09,
M,PRD,B-D,SCA,I21,PL,1977-10,
M,PRD,B-D,SCA,I21,PL,1977-11,
M,PRD,B-D,SCA,I21,PL,1977-12,
M,PRD,B-D,SCA,I21,PL,1978-01,
M,PRD,B-D,SCA,I21,PL,1978-02,
M,PRD,B-D,SCA,I21,PL,1978-03,
M,PRD,B-D,SCA,I21,PL,1978-04,
M,PRD,B-D,SCA,I21,PL,1978-05,
M,PRD,B-D,SCA,I21,PL,1978-06,
M,PRD,B-D,SCA,I21,PL,1978-07,
M,PRD,B-D,SCA,I21,PL,1978-08,
M,PRD,B-D,SCA,I21,PL,1978-09,
M,PRD,B-D,SCA,I21,PL,1978-10,
M,PRD,B-D,SCA,I21,PL,1978-11,
M,PRD,B-D,SCA,I21,PL,1978-12,
M,PRD,B-D,SCA,I21,PL,1979-01,
M,PRD,B-D,SCA,I21,PL,1979-02,
M,PRD,B-D,SCA,I21,PL,1979-03,
M,PRD,B-D,SCA,I21,PL,1979-04,
M,PRD,B-D,SCA,I21,PL,1979-05,
M,PRD,B-D,SCA,I21,PL,1979-06,
M,PRD,B-D,SCA,I21,PL,1979-07,
M,PRD,B-D,SCA,I21,PL,1979-08,
M,PRD,B-D,SCA,I21,PL,1979-09,
M,PRD,B-D,SCA,I21,PL,1979-10,
M,PRD,B-D,SCA,I21,PL,1979-11,
M,PRD,B-D,SCA,I21,PL,1979-12,
M,PRD,B-D,SCA,I21,PL,1980-01,
M,PRD,B-D,SCA,I21,PL,1980-02,
M,PRD,B-D,SCA,I21,PL,1980-03,
M,PRD,B-D,SCA,I21,PL,1980-04,
M,PRD,B-D,SCA,I21,PL,1980-05,
M,PRD,B-D,SCA,I21,PL,1980-06,
M,PRD,B-D,SCA,I21,PL,1980-07,
M,PRD,B-D,SCA,I21,PL,1980-08,
M,PRD,B-D,SCA,I21,PL,1980-09,
M,PRD,B-D,SCA,I21,PL,1980-10,
M,PRD,B-D,SCA,I21,PL,1980-11,
M,PRD,B-D,SCA,I21,PL,1980-12,
M,PRD,B-D,SCA,I21,PL,1981-01,
M,PRD,B-D,SCA,I21,PL,1981-02,
M,PRD,B-D,SCA,I21,PL,1981-03,
M,PRD,B-D,SCA,I21,PL,1981-04,
M,PRD,B-D,SCA,I21,PL,1981-05,
M,PRD,B-D,SCA,I21,PL,1981-06,
M,PRD,B-D,SCA,I21,PL,1981-07,
M,PRD,B-D,SCA,I21,PL,1981-08,
M,PRD,B-D,SCA,I21,PL,1981-09,
M,PRD,B-D,SCA,I21,PL,1981-10,
M,PRD,B-D,SCA,I21,PL,1981-11,
M,PRD,B-D,SCA,I21,PL,1981-12,
M,PRD,B-D,SCA,I21,PL,1982-01,
M,PRD,B-D,SCA,I21,PL,1982-02,
M,PRD,B-D,SCA,I21,PL,1982-03,
M,PRD,B-D,SCA,I21,PL,1982-04,
M,PRD,B-D,SCA,I21,PL,1982-05,
M,PRD,B-D,SCA,I21,PL,1982-06,
M,PRD,B-D,SCA,I21,PL,1982-07,
M,PRD,B-D,SCA,I21,PL,1982-08,
M,PRD,B-D,SCA,I21,PL,1982-09,
M,PRD,B-D,SCA,I21,PL,1982-10,
M,PRD,B-D,SCA,I21,PL,1982-11,
M,PRD,B-D,SCA,I21,PL,1982-12,
M,PRD,B-D,SCA,I21,PL,1983-01,
M,PRD,B-D,SCA,I21,PL,1983-02,
M,PRD,B-D,SCA,I21,PL,1983-03,
M,PRD,B-D,SCA,I21,PL,1983-04,
M,PRD,B-D,SCA,I21,PL,1983-05,
M,PRD,B-D,SCA,I21,PL,1983-06,
M,PRD,B-D,SCA,I21,PL,1983-07,
M,PRD,B-D,SCA,I21,PL,1983-08,
M,PRD,B-D,SCA,I21,PL,1983-09,
M,PRD,B-D,SCA,I21,PL,1983-10,
M,PRD,B-D,SCA,I21,PL,1983-11,
M,PRD,B-D,SCA,I21,PL,1983-12,
M,PRD,B-D,SCA,I21,PL,1984-01,
M,PRD,B-D,SCA,I21,PL,1984-02,
M,PRD,B-D,SCA,I21,PL,1984-03,
M,PRD,B-D,SCA,I21,PL,1984-04,
M,PRD,B-D,SCA,I21,PL,1984-05,
M,PRD,B-D,SCA,I21,PL,1984-06,
M,PRD,B-D,SCA,I21,PL,1984-07,
M,PRD,B-D,SCA,I21,PL,1984-08,
M,PRD,B-D,SCA,I21,PL,1984-09,
M,PRD,B-D,SCA,I21,PL,1984-10,
M,PRD,B-D,SCA,I21,PL,1984-11,
M,PRD,B-D,SCA,I21,PL,1984-12,
M,PRD,B-D,SCA,I21,PL,1985-01,
M,PRD,B-D,SCA,I21,PL,1985-02,
M,PRD,B-D,SCA,I21,PL,1985-03,
M,PRD,B-D,SCA,I21,PL,1985-04,
M,PRD,B-D,SCA,I21,PL,1985-05,
M,PRD,B-D,SCA,I21,PL,1985-06,
M,PRD,B-D,SCA,I21,PL,1985-07,
M,PRD,B-D,SCA,I21,PL,1985-08,
M,PRD,B-D,SCA,I21,PL,1985-09,
M,PRD,B-D,SCA,I21,PL,1985-10,
M,PRD,B-D,SCA,I21,PL,1985-11,
M,PRD,B-D,SCA,I21,PL,1985-12,
M,PRD,B-D,SCA,I21,PL,1986-01,
M,PRD,B-D,SCA,I21,PL,1986-02,
M,PRD,B-D,SCA,I21,PL,1986-03,
M,PRD,B-D,SCA,I21,PL,1986-04,
M,PRD,B-D,SCA,I21,PL,1986-05,
M,PRD,B-D,SCA,I21,PL,1986-06,
M,PRD,B-D,SCA,I21,PL,1986-07,
M,PRD,B-D,SCA,I21,PL,1986-08,
M,PRD,B-D,SCA,I21,PL,1986-09,
M,PRD,B-D,SCA,I21,PL,1986-10,
M,PRD,B-D,SCA,I21,PL,1986-11,
M,PRD,B-D,SCA,I21,PL,1986-12,
M,PRD,B-D,SCA,I21,PL,1987-01,
M,PRD,B-D,SCA,I21,PL,1987-02,
M,PRD,B-D,SCA,I21,PL,1987-03,
M,PRD,B-D,SCA,I21,PL,1987-04,
M,PRD,B-D,SCA,I21,PL,1987-05,
M,PRD,B-D,SCA,I21,PL,1987-06,
M,PRD,B-D,SCA,I21,PL,1987-07,
M,PRD,B-D,SCA,I21,PL,1987-08,
M,PRD,B-D,SCA,I21,PL,1987-09,
M,PRD,B-D,SCA,I21,PL,1987-10,
M,PRD,B-D,SCA,I21,PL,1987-11,
M,PRD,B-D,SCA,I21,PL,1987-12,
M,PRD,B-D,SCA,I21,PL,1988-01,
M,PRD,B-D,SCA,I21,PL,1988-02,
M,PRD,B-D,SCA,I21,PL,1988-03,
M,PRD,B-D,SCA,I21,PL,1988-04,
M,PRD,B-D,SCA,I21,PL,1988-05,
M,PRD,B-D,SCA,I21,PL,1988-06,
M,PRD,B-D,SCA,I21,PL,1988-07,
M,PRD,B-D,SCA,I21,PL,1988-08,
M,PRD,B-D,SCA,I21,PL,1988-09,
M,PRD,B-D,SCA,I21,PL,1988-10,
M,PRD,B-D,SCA,I21,PL,1988-11,
M,PRD,B-D,SCA,I21,PL,1988-12,
M,PRD,B-D,SCA,I21,PL,1989-01,
M,PRD,B-D,SCA,I21,PL,1989-02,
M,PRD,B-D,SCA,I21,PL,1989-03,
M,PRD,B-D,SCA,I21,PL,1989-04,
M,PRD,B-D,SCA,I21,PL,1989-05,
M,PRD,B-D,SCA,I21,PL,1989-06,
M,PRD,B-D,SCA,I21,PL,1989-07,
M,PRD,B-D,SCA,I21,PL,1989-08,
M,PRD,B-D,SCA,I21,PL,1989-09,
M,PRD,B-D,SCA,I21,PL,1989-10,
M,PRD,B-D,SCA,I21,PL,1989-11,
M,PRD,B-D,SCA,I21,PL,1989-12,
M,PRD,B-D,SCA,I21,PL,1990-01,
M,PRD,B-D,SCA,I21,PL,1990-02,
M,PRD,B-D,SCA,I21,PL,1990-03,
M,PRD,B-D,SCA,I21,PL,1990-04,
M,PRD,B-D,SCA,I21,PL,1990-05,
M,PRD,B-D,SCA,I21,PL,1990-06,
M,PRD,B-D,SCA,I21,PL,1990-07,
M,PRD,B-D,SCA,I21,PL,1990-08,
M,PRD,B-D,SCA,I21,PL,1990-09,
M,PRD,B-D,SCA,I21,PL,1990-10,
M,PRD,B-D,SCA,I21,PL,1990-11,
M,PRD,B-D,SCA,I21,PL,1990-12,
M,PRD,B-D,SCA,I21,PL,1991-01,
M,PRD,B-D,SCA,I21,PL,1991-02,
M,PRD,B-D,SCA,I21,PL,1991-03,
M,PRD,B-D,SCA,I21,PL,1991-04,
M,PRD,B-D,SCA,I21,PL,1991-05,
M,PRD,B-D,SCA,I21,PL,1991-06,
M,PRD,B-D,SCA,I21,PL,1991-07,
M,PRD,B-D,SCA,I21,PL,1991-08,
M,PRD,B-D,SCA,I21,PL,1991-09,
M,PRD,B-D,SCA,I21,PL,1991-10,
M,PRD,B-D,SCA,I21,PL,1991-11,
M,PRD,B-D,SCA,I21,PL,1991-12,
M,PRD,B-D,SCA,I21,PL,1992-01,
M,PRD,B-D,SCA,I21,PL,1992-02,
M,PRD,B-D,SCA,I21,PL,1992-03,
M,PRD,B-D,SCA,I21,PL,1992-04,
M,PRD,B-D,SCA,I21,PL,1992-05,
M,PRD,B-D,SCA,I21,PL,1992-06,
M,PRD,B-D,SCA,I21,PL,1992-07,
M,PRD,B-D,SCA,I21,PL,1992-08,
M,PRD,B-D,SCA,I21,PL,1992-09,
M,PRD,B-D,SCA,I21,PL,1992-10,
M,PRD,B-D,SCA,I21,PL,1992-11,
M,PRD,B-D,SCA,I21,PL,1992-12,
M,PRD,B-D,SCA,I21,PL,1993-01,
M,PRD,B-D,SCA,I21,PL,1993-02,
M,PRD,B-D,SCA,I21,PL,1993-03,
M,PRD,B-D,SCA,I21,PL,1993-04,
M,PRD,B-D,SCA,I21,PL,1993-05,
M,PRD,B-D,SCA,I21,PL,1993-06,
M,PRD,B-D,SCA,I21,PL,1993-07,
M,PRD,B-D,SCA,I21,PL,1993-08,
M,PRD,B-D,SCA,I21,PL,1993-09,
M,PRD,B-D,SCA,I21,PL,1993-10,
M,PRD,B-D,SCA,I21,PL,1993-11,
M,PRD,B-D,SCA,I21,PL,1993-12,
M,PRD,B-D,SCA,I21,PL,1994-01,
M,PRD,B-D,SCA,I21,PL,1994-02,
M,PRD,B-D,SCA,I21,PL,1994-03,
M,PRD,B-D,SCA,I21,PL,1994-04,
M,PRD,B-D,SCA,I21,PL,1994-05,
M,PRD,B-D,SCA,I21,PL,1994-06,
M,PRD,B-D,SCA,I21,PL,1994-07,
M,PRD,B-D,SCA,I21,PL,1994-08,
M,PRD,B-D,SCA,I21,PL,1994-09,
M,PRD,B-D,SCA,I21,PL,1994-10,
M,PRD,B-D,SCA,I21,PL,1994-11,
M,PRD,B-D,SCA,I21,PL,1994-12,
M,PRD,B-D,SCA,I21,PL,1995-01,
M,PRD,B-D,SCA,I21,PL,1995-02,
M,PRD,B-D,SCA,I21,PL,1995-03,
M,PRD,B-D,SCA,I21,PL,1995-04,
M,PRD,B-D,SCA,I21,PL,1995-05,
M,PRD,B-D,SCA,I21,PL,1995-06,
M,PRD,B-D,SCA,I21,PL,1995-07,
M,PRD,B-D,SCA,I21,PL,1995-08,
M,PRD,B-D,SCA,I21,PL,1995-09,
M,PRD,B-D,SCA,I21,PL,1995-10,
M,PRD,B-D,SCA,I21,PL,1995-11,
M,PRD,B-D,SCA,I21,PL,1995-12,
M,PRD,B-D,SCA,I21,PL,1996-01,
M,PRD,B-D,SCA,I21,PL,1996-02,
M,PRD,B-D,SCA,I21,PL,1996-03,
M,PRD,B-D,SCA,I21,PL,1996-04,
M,PRD,B-D,SCA,I21,PL,1996-05,
M,PRD,B-D,SCA,I21,PL,1996-06,
M,PRD,B-D,SCA,I21,PL,1996-07,
M,PRD,B-D,SCA,I21,PL,1996-08,
M,PRD,B-D,SCA,I21,PL,1996-09,
M,PRD,B-D,SCA,I21,PL,1996-10,
M,PRD,B-D,SCA,I21,PL,1996-11,
M,PRD,B-D,SCA,I21,PL,1996-12,
M,PRD,B-D,SCA,I21,PL,1997-01,
M,PRD,B-D,SCA,I21,PL,1997-02,
M,PRD,B-D,SCA,I21,PL,1997-03,
M,PRD,B-D,SCA,I21,PL,1997-04,
M,PRD,B-D,SCA,I21,PL,1997-05,
M,PRD,B-D,SCA,I21,PL,1997-06,
M,PRD,B-D,SCA,I21,PL,1997-07,
M,PRD,B-D,SCA,I21,PL,1997-08,
M,PRD,B-D,SCA,I21,PL,1997-09,
M,PRD,B-D,SCA,I21,PL,1997-10,
M,PRD,B-D,SCA,I21,PL,1997-11,
M,PRD,B-D,SCA,I21,PL,1997-12,
M,PRD,B-D,SCA,I21,PL,1998-01,
M,PRD,B-D,SCA,I21,PL,1998-02,
M,PRD,B-D,SCA,I21,PL,1998-03,
M,PRD,B-D,SCA,I21,PL,1998-04,
M,PRD,B-D,SCA,I21,PL,1998-05,
M,PRD,B-D,SCA,I21,PL,1998-06,
M,PRD,B-D,SCA,I21,PL,1998-07,
M,PRD,B-D,SCA,I21,PL,1998-08,
M,PRD,B-D,SCA,I21,PL,1998-09,
M,PRD,B-D,SCA,I21,PL,1998-10,
M,PRD,B-D,SCA,I21,PL,1998-11,
M,PRD,B-D,SCA,I21,PL,1998-12,
M,PRD,B-D,SCA,I21,PL,1999-01,
M,PRD,B-D,SCA,I21,PL,1999-02,
M,PRD,B-D,SCA,I21,PL,1999-03,
M,PRD,B-D,SCA,I21,PL,1999-04,
M,PRD,B-D,SCA,I21,PL,1999-05,
M,PRD,B-D,SCA,I21,PL,1999-06,
M,PRD,B-D,SCA,I21,PL,1999-07,
M,PRD,B-D,SCA,I21,PL,1999-08,
M,PRD,B-D,SCA,I21,PL,1999-09,
M,PRD,B-D,SCA,I21,PL,1999-10,
M,PRD,B-D,SCA,I21,PL,1999-11,
M,PRD,B-D,SCA,I21,PL,1999-12,
M,PRD,B-D,SCA,I21,PL,2000-01,33.7
M,PRD,B-D,SCA,I21,PL,2000-02,33.6
M,PRD,B-D,SCA,I21,PL,2000-03,33.2
M,PRD,B-D,SCA,I21,PL,2000-04,35.2
M,PRD,B-D,SCA,I21,PL,2000-05,35.0
M,PRD,B-D,SCA,I21,PL,2000-06,35.0
M,PRD,B-D,SCA,I21,PL,2000-07,35.6
M,PRD,B-D,SCA,I21,PL,2000-08,34.9
M,PRD,B-D,SCA,I21,PL,2000-09,35.2
M,PRD,B-D,SCA,I21,PL,2000-10,35.4
M,PRD,B-D,SCA,I21,PL,2000-11,34.8
M,PRD,B-D,SCA,I21,PL,2000-12,36.7
M,PRD,B-D,SCA,I21,PL,2001-01,35.3
M,PRD,B-D,SCA,I21,PL,2001-02,35.5
M,PRD,B-D,SCA,I21,PL,2001-03,35.6
M,PRD,B-D,SCA,I21,PL,2001-04,35.2
M,PRD,B-D,SCA,I21,PL,2001-05,35.0
M,PRD,B-D,SCA,I21,PL,2001-06,34.9
M,PRD,B-D,SCA,I21,PL,2001-07,34.8
M,PRD,B-D,SCA,I21,PL,2001-08,35.2
M,PRD,B-D,SCA,I21,PL,2001-09,35.4
M,PRD,B-D,SCA,I21,PL,2001-10,34.6
M,PRD,B-D,SCA,I21,PL,2001-11,34.1
M,PRD,B-D,SCA,I21,PL,2001-12,35.5
M,PRD,B-D,SCA,I21,PL,2002-01,35.2
M,PRD,B-D,SCA,I21,PL,2002-02,35.5
M,PRD,B-D,SCA,I21,PL,2002-03,35.6
M,PRD,B-D,SCA,I21,PL,2002-04,34.1
M,PRD,B-D,SCA,I21,PL,2002-05,35.2
M,PRD,B-D,SCA,I21,PL,2002-06,35.7
M,PRD,B-D,SCA,I21,PL,2002-07,35.2
M,PRD,B-D,SCA,I21,PL,2002-08,36.2
M,PRD,B-D,SCA,I21,PL,2002-09,36.3
M,PRD,B-D,SCA,I21,PL,2002-10,35.5
M,PRD,B-D,SCA,I21,PL,2002-11,37.7
M,PRD,B-D,SCA,I21,PL,2002-12,36.5
M,PRD,B-D,SCA,I21,PL,2003-01,36.2
M,PRD,B-D,SCA,I21,PL,2003-02,36.8
M,PRD,B-D,SCA,I21,PL,2003-03,37.4
M,PRD,B-D,SCA,I21,PL,2003-04,36.8
M,PRD,B-D,SCA,I21,PL,2003-05,37.6
M,PRD,B-D,SCA,I21,PL,2003-06,38.5
M,PRD,B-D,SCA,I21,PL,2003-07,39.0
M,PRD,B-D,SCA,I21,PL,2003-08,40.3
M,PRD,B-D,SCA,I21,PL,2003-09,39.1
M,PRD,B-D,SCA,I21,PL,2003-10,40.0
M,PRD,B-D,SCA,I21,PL,2003-11,40.9
M,PRD,B-D,SCA,I21,PL,2003-12,41.1
M,PRD,B-D,SCA,I21,PL,2004-01,42.5
M,PRD,B-D,SCA,I21,PL,2004-02,42.5
M,PRD,B-D,SCA,I21,PL,2004-03,43.1
M,PRD,B-D,SCA,I21,PL,2004-04,44.5
M,PRD,B-D,SCA,I21,PL,2004-05,43.7
M,PRD,B-D,SCA,I21,PL,2004-06,42.9
M,PRD,B-D,SCA,I21,PL,2004-07,43.0
M,PRD,B-D,SCA,I21,PL,2004-08,42.9
M,PRD,B-D,SCA,I21,PL,2004-09,43.2
M,PRD,B-D,SCA,I21,PL,2004-10,44.1
M,PRD,B-D,SCA,I21,PL,2004-11,43.9
M,PRD,B-D,SCA,I21,PL,2004-12,41.3
M,PRD,B-D,SCA,I21,PL,2005-01,44.4
M,PRD,B-D,SCA,I21,PL,2005-02,44.2
M,PRD,B-D,SCA,I21,PL,2005-03,43.0
M,PRD,B-D,SCA,I21,PL,2005-04,44.0
M,PRD,B-D,SCA,I21,PL,2005-05,44.2
M,PRD,B-D,SCA,I21,PL,2005-06,44.4
M,PRD,B-D,SCA,I21,PL,2005-07,45.5
M,PRD,B-D,SCA,I21,PL,2005-08,45.5
M,PRD,B-D,SCA,I21,PL,2005-09,45.8
M,PRD,B-D,SCA,I21,PL,2005-10,47.3
M,PRD,B-D,SCA,I21,PL,2005-11,48.1
M,PRD,B-D,SCA,I21,PL,2005-12,48.7
M,PRD,B-D,SCA,I21,PL,2006-01,47.4
M,PRD,B-D,SCA,I21,PL,2006-02,48.5
M,PRD,B-D,SCA,I21,PL,2006-03,48.7
M,PRD,B-D,SCA,I21,PL,2006-04,50.1
M,PRD,B-D,SCA,I21,PL,2006-05,50.8
M,PRD,B-D,SCA,I21,PL,2006-06,51.3
M,PRD,B-D,SCA,I21,PL,2006-07,52.0
M,PRD,B-D,SCA,I21,PL,2006-08,51.6
M,PRD,B-D,SCA,I21,PL,2006-09,52.6
M,PRD,B-D,SCA,I21,PL,2006-10,52.6
M,PRD,B-D,SCA,I21,PL,2006-11,52.4
M,PRD,B-D,SCA,I21,PL,2006-12,55.0
M,PRD,B-D,SCA,I21,PL,2007-01,54.0
M,PRD,B-D,SCA,I21,PL,2007-02,54.0
M,PRD,B-D,SCA,I21,PL,2007-03,55.4
M,PRD,B-D,SCA,I21,PL,2007-04,54.6
M,PRD,B-D,SCA,I21,PL,2007-05,55.1
M,PRD,B-D,SCA,I21,PL,2007-06,55.7
M,PRD,B-D,SCA,I21,PL,2007-07,56.0
M,PRD,B-D,SCA,I21,PL,2007-08,56.2
M,PRD,B-D,SCA,I21,PL,2007-09,56.8
M,PRD,B-D,SCA,I21,PL,2007-10,57.2
M,PRD,B-D,SCA,I21,PL,2007-11,57.4
M,PRD,B-D,SCA,I21,PL,2007-12,58.7
M,PRD,B-D,SCA,I21,PL,2008-01,59.7
M,PRD,B-D,SCA,I21,PL,2008-02,59.5
M,PRD,B-D,SCA,I21,PL,2008-03,58.4
M,PRD,B-D,SCA,I21,PL,2008-04,59.2
M,PRD,B-D,SCA,I21,PL,2008-05,57.2
M,PRD,B-D,SCA,I21,PL,2008-06,57.3
M,PRD,B-D,SCA,I21,PL,2008-07,56.9
M,PRD,B-D,SCA,I21,PL,2008-08,56.7
M,PRD,B-D,SCA,I21,PL,2008-09,56.4
M,PRD,B-D,SCA,I21,PL,2008-10,55.6
M,PRD,B-D,SCA,I21,PL,2008-11,53.9
M,PRD,B-D,SCA,I21,PL,2008-12,53.6
M,PRD,B-D,SCA,I21,PL,2009-01,52.7
M,PRD,B-D,SCA,I21,PL,2009-02,53.4
M,PRD,B-D,SCA,I21,PL,2009-03,54.1
M,PRD,B-D,SCA,I21,PL,2009-04,53.6
M,PRD,B-D,SCA,I21,PL,2009-05,54.1
M,PRD,B-D,SCA,I21,PL,2009-06,54.3
M,PRD,B-D,SCA,I21,PL,2009-07,54.4
M,PRD,B-D,SCA,I21,PL,2009-08,55.3
M,PRD,B-D,SCA,I21,PL,2009-09,55.3
M,PRD,B-D,SCA,I21,PL,2009-10,56.1
M,PRD,B-D,SCA,I21,PL,2009-11,57.1
M,PRD,B-D,SCA,I21,PL,2009-12,56.4
M,PRD,B-D,SCA,I21,PL,2010-01,58.6
M,PRD,B-D,SCA,I21,PL,2010-02,58.3
M,PRD,B-D,SCA,I21,PL,2010-03,59.7
M,PRD,B-D,SCA,I21,PL,2010-04,59.0
M,PRD,B-D,SCA,I21,PL,2010-05,61.0
M,PRD,B-D,SCA,I21,PL,2010-06,62.2
M,PRD,B-D,SCA,I21,PL,2010-07,61.8
M,PRD,B-D,SCA,I21,PL,2010-08,61.1
M,PRD,B-D,SCA,I21,PL,2010-09,62.0
M,PRD,B-D,SCA,I21,PL,2010-10,62.3
M,PRD,B-D,SCA,I21,PL,2010-11,62.5
M,PRD,B-D,SCA,I21,PL,2010-12,61.2
M,PRD,B-D,SCA,I21,PL,2011-01,63.0
M,PRD,B-D,SCA,I21,PL,2011-02,64.4
M,PRD,B-D,SCA,I21,PL,2011-03,63.9
M,PRD,B-D,SCA,I21,PL,2011-04,64.6
M,PRD,B-D,SCA,I21,PL,2011-05,64.2
M,PRD,B-D,SCA,I21,PL,2011-06,63.9
M,PRD,B-D,SCA,I21,PL,2011-07,64.4
M,PRD,B-D,SCA,I21,PL,2011-08,65.8
M,PRD,B-D,SCA,I21,PL,2011-09,66.4
M,PRD,B-D,SCA,I21,PL,2011-10,66.1
M,PRD,B-D,SCA,I21,PL,2011-11,67.2
M,PRD,B-D,SCA,I21,PL,2011-12,68.7
M,PRD,B-D,SCA,I21,PL,2012-01,66.6
M,PRD,B-D,SCA,I21,PL,2012-02,65.3
M,PRD,B-D,SCA,I21,PL,2012-03,66.2
M,PRD,B-D,SCA,I21,PL,2012-04,66.2
M,PRD,B-D,SCA,I21,PL,2012-05,67.0
M,PRD,B-D,SCA,I21,PL,2012-06,66.2
M,PRD,B-D,SCA,I21,PL,2012-07,66.1
M,PRD,B-D,SCA,I21,PL,2012-08,66.0
M,PRD,B-D,SCA,I21,PL,2012-09,66.0
M,PRD,B-D,SCA,I21,PL,2012-10,66.1
M,PRD,B-D,SCA,I21,PL,2012-11,65.2
M,PRD,B-D,SCA,I21,PL,2012-12,65.6
M,PRD,B-D,SCA,I21,PL,2013-01,65.4
M,PRD,B-D,SCA,I21,PL,2013-02,66.2
M,PRD,B-D,SCA,I21,PL,2013-03,65.7
M,PRD,B-D,SCA,I21,PL,2013-04,66.5
M,PRD,B-D,SCA,I21,PL,2013-05,67.4
M,PRD,B-D,SCA,I21,PL,2013-06,68.0
M,PRD,B-D,SCA,I21,PL,2013-07,68.6
M,PRD,B-D,SCA,I21,PL,2013-08,69.2
M,PRD,B-D,SCA,I21,PL,2013-09,68.7
M,PRD,B-D,SCA,I21,PL,2013-10,69.2
M,PRD,B-D,SCA,I21,PL,2013-11,70.1
M,PRD,B-D,SCA,I21,PL,2013-12,68.1
M,PRD,B-D,SCA,I21,PL,2014-01,69.4
M,PRD,B-D,SCA,I21,PL,2014-02,69.2
M,PRD,B-D,SCA,I21,PL,2014-03,69.0
M,PRD,B-D,SCA,I21,PL,2014-04,70.1
M,PRD,B-D,SCA,I21,PL,2014-05,69.1
M,PRD,B-D,SCA,I21,PL,2014-06,69.3
M,PRD,B-D,SCA,I21,PL,2014-07,70.5
M,PRD,B-D,SCA,I21,PL,2014-08,69.9
M,PRD,B-D,SCA,I21,PL,2014-09,70.4
M,PRD,B-D,SCA,I21,PL,2014-10,70.6
M,PRD,B-D,SCA,I21,PL,2014-11,70.3
M,PRD,B-D,SCA,I21,PL,2014-12,71.6
M,PRD,B-D,SCA,I21,PL,2015-01,72.0
M,PRD,B-D,SCA,I21,PL,2015-02,72.3
M,PRD,B-D,SCA,I21,PL,2015-03,73.2
M,PRD,B-D,SCA,I21,PL,2015-04,71.6
M,PRD,B-D,SCA,I21,PL,2015-05,72.5
M,PRD,B-D,SCA,I21,PL,2015-06,72.7
M,PRD,B-D,SCA,I21,PL,2015-07,73.6
M,PRD,B-D,SCA,I21,PL,2015-08,72.2
M,PRD,B-D,SCA,I21,PL,2015-09,73.6
M,PRD,B-D,SCA,I21,PL,2015-10,74.2
M,PRD,B-D,SCA,I21,PL,2015-11,74.3
M,PRD,B-D,SCA,I21,PL,2015-12,74.6
M,PRD,B-D,SCA,I21,PL,2016-01,74.4
M,PRD,B-D,SCA,I21,PL,2016-02,74.8
M,PRD,B-D,SCA,I21,PL,2016-03,73.3
M,PRD,B-D,SCA,I21,PL,2016-04,75.8
M,PRD,B-D,SCA,I21,PL,2016-05,74.6
M,PRD,B-D,SCA,I21,PL,2016-06,75.5
M,PRD,B-D,SCA,I21,PL,2016-07,74.8
M,PRD,B-D,SCA,I21,PL,2016-08,75.8
M,PRD,B-D,SCA,I21,PL,2016-09,76.3
M,PRD,B-D,SCA,I21,PL,2016-10,74.7
M,PRD,B-D,SCA,I21,PL,2016-11,76.6
M,PRD,B-D,SCA,I21,PL,2016-12,78.0
M,PRD,B-D,SCA,I21,PL,2017-01,77.9
M,PRD,B-D,SCA,I21,PL,2017-02,77.8
M,PRD,B-D,SCA,I21,PL,2017-03,79.9
M,PRD,B-D,SCA,I21,PL,2017-04,78.5
M,PRD,B-D,SCA,I21,PL,2017-05,79.6
M,PRD,B-D,SCA,I21,PL,2017-06,80.4
M,PRD,B-D,SCA,I21,PL,2017-07,79.5
M,PRD,B-D,SCA,I21,PL,2017-08,82.4
M,PRD,B-D,SCA,I21,PL,2017-09,81.6
M,PRD,B-D,SCA,I21,PL,2017-10,82.5
M,PRD,B-D,SCA,I21,PL,2017-11,82.4
M,PRD,B-D,SCA,I21,PL,2017-12,83.8
M,PRD,B-D,SCA,I21,PL,2018-01,83.1
M,PRD,B-D,SCA,I21,PL,2018-02,83.3
M,PRD,B-D,SCA,I21,PL,2018-03,82.4
M,PRD,B-D,SCA,I21,PL,2018-04,83.9
M,PRD,B-D,SCA,I21,PL,2018-05,84.9
M,PRD,B-D,SCA,I21,PL,2018-06,85.9
M,PRD,B-D,SCA,I21,PL,2018-07,85.5
M,PRD,B-D,SCA,I21,PL,2018-08,86.9
M,PRD,B-D,SCA,I21,PL,2018-09,85.6
M,PRD,B-D,SCA,I21,PL,2018-10,87.1
M,PRD,B-D,SCA,I21,PL,2018-11,86.7
M,PRD,B-D,SCA,I21,PL,2018-12,86.8
M,PRD,B-D,SCA,I21,PL,2019-01,88.2
M,PRD,B-D,SCA,I21,PL,2019-02,88.5
M,PRD,B-D,SCA,I21,PL,2019-03,87.9
M,PRD,B-D,SCA,I21,PL,2019-04,89.6
M,PRD,B-D,SCA,I21,PL,2019-05,89.4
M,PRD,B-D,SCA,I21,PL,2019-06,86.6
M,PRD,B-D,SCA,I21,PL,2019-07,88.4
M,PRD,B-D,SCA,I21,PL,2019-08,87.9
M,PRD,B-D,SCA,I21,PL,2019-09,88.9
M,PRD,B-D,SCA,I21,PL,2019-10,90.5
M,PRD,B-D,SCA,I21,PL,2019-11,90.6
M,PRD,B-D,SCA,I21,PL,2019-12,89.0
M,PRD,B-D,SCA,I21,PL,2020-01,91.2
M,PRD,B-D,SCA,I21,PL,2020-02,92.3
M,PRD,B-D,SCA,I21,PL,2020-03,82.8
M,PRD,B-D,SCA,I21,PL,2020-04,67.1
M,PRD,B-D,SCA,I21,PL,2020-05,75.5
M,PRD,B-D,SCA,I21,PL,2020-06,83.4
M,PRD,B-D,SCA,I21,PL,2020-07,89.0
M,PRD,B-D,SCA,I21,PL,2020-08,89.6
M,PRD,B-D,SCA,I21,PL,2020-09,92.2
M,PRD,B-D,SCA,I21,PL,2020-10,92.9
M,PRD,B-D,SCA,I21,PL,2020-11,93.7
M,PRD,B-D,SCA,I21,PL,2020-12,95.0
M,PRD,B-D,SCA,I21,PL,2021-01,95.2
M,PRD,B-D,SCA,I21,PL,2021-02,94.9
M,PRD,B-D,SCA,I21,PL,2021-03,97.5
M,PRD,B-D,SCA,I21,PL,2021-04,97.3
M,PRD,B-D,SCA,I21,PL,2021-05,98.2
M,PRD,B-D,SCA,I21,PL,2021-06,99.2
M,PRD,B-D,SCA,I21,PL,2021-07,99.9
M,PRD,B-D,SCA,I21,PL,2021-08,99.7
M,PRD,B-D,SCA,I21,PL,2021-09,100.5
M,PRD,B-D,SCA,I21,PL,2021-10,101.9
M,PRD,B-D,SCA,I21,PL,2021-11,107.7
M,PRD,B-D,SCA,I21,PL,2021-12,107.9
M,PRD,B-D,SCA,I21,PL,2022-01,108.8
M,PRD,B-D,SCA,I21,PL,2022-02,110.4
M,PRD,B-D,SCA,I21,PL,2022-03,113.3
M,PRD,B-D,SCA,I21,PL,2022-04,111.2
M,PRD,B-D,SCA,I21,PL,2022-05,111.4
M,PRD,B-D,SCA,I21,PL,2022-06,110.0
M,PRD,B-D,SCA,I21,PL,2022-07,109.4
M,PRD,B-D,SCA,I21,PL,2022-08,110.4
M,PRD,B-D,SCA,I21,PL,2022-09,110.6
M,PRD,B-D,SCA,I21,PL,2022-10,108.2
M,PRD,B-D,SCA,I21,PL,2022-11,111.3
M,PRD,B-D,SCA,I21,PL,2022-12,111.1
M,PRD,B-D,SCA,I21,PL,2023-01,109.7
M,PRD,B-D,SCA,I21,PL,2023-02,109.4
M,PRD,B-D,SCA,I21,PL,2023-03,110.3
M,PRD,B-D,SCA,I21,PL,2023-04,106.9
M,PRD,B-D,SCA,I21,PL,2023-05,109.1
M,PRD,B-D,SCA,I21,PL,2023-06,109.5
M,PRD,B-D,SCA,I21,PL,2023-07,108.3
M,PRD,B-D,SCA,I21,PL,2023-08,109.6
M,PRD,B-D,SCA,I21,PL,2023-09,109.9
M,PRD,B-D,SCA,I21,PL,2023-10,109.0
M,PRD,B-D,SCA,I21,PL,2023-11,110.2
M,PRD,B-D,SCA,I21,PL,2023-12,110.4
M,PRD,B-D,SCA,I21,PL,2024-01,110.4
M,PRD,B-D,SCA,I21,PL,2024-02,110.4
M,PRD,B-D,SCA,I21,PL,2024-03,107.7
M,PRD,B-D,SCA,I21,PL,2024-04,111.1
M,PRD,B-D,SCA,I21,PL,2024-05,109.3
M,PRD,B-D,SCA,I21,PL,2024-06,111.0
M,PRD,B-D,SCA,I21,PL,2024-07,109.7
M,PRD,B-D,SCA,I21,PL,2024-08,109.6
M,PRD,B-D,SCA,I21,PL,2024-09,108.4
M,PRD,B-D,SCA,I21,PL,2024-10,111.4
M,PRD,B-D,SCA,I21,PL,2024-11,111.8
M,PRD,B-D,SCA,I21,PL,2024-12,108.7
M,PRD,B-D,SCA,I21,PL,2025-01,112.6
M,PRD,B-D,SCA,I21,PL,2025-02,111.5
M,PRD,B-D,SCA,I21,PL,2025-03,111.8
M,PRD,B-D,SCA,I21,PL,2025-04,112.5
M,PRD,B-D,SCA,I21,PL,2025-05,111.9
M,PRD,B-D,SCA,I21,PL,2025-06,111.2
M,PRD,B-D,SCA,I21,PL,2025-07,112.9
M,PRD,B-D,SCA,I21,PL,2025-08,112.5
M,PRD,B-D,SCA,I21,PL,2025-09,114.5
M,PRD,B-D,SCA,I21,PL,2025-10,114.8
M,PRD,B-D,SCA,I21,PL,2025-11,111.6
M,PRD,B-D,SCA,I21,PL,2025-12,115.3
M,PRD,B-D,SCA,I21,PL,2026-01,112.1
M,PRD,B-D,SCA,I21,PL,2026-02,112.3
M,PRD,B-D,SCA,I21,PL,2026-03,118.4
M,PRD,B-D,SCA,I21,PL,2026-04,114.4
M,PRD,B-D,SCA,I21,PL,2026-05,116.7
M,PRD,B-D,SCA,I21,PL,2026-06,116.3
M,PRD,B-D,SCA,I21,PL,2026-07,
M,PRD,B-D,SCA,I21,RO,1953-01,
M,PRD,B-D,SCA,I21,RO,1953-02,
M,PRD,B-D,SCA,I21,RO,1953-03,
M,PRD,B-D,SCA,I21,RO,1953-04,
M,PRD,B-D,SCA,I21,RO,1953-05,
M,PRD,B-D,SCA,I21,RO,1953-06,
M,PRD,B-D,SCA,I21,RO,1953-07,
M,PRD,B-D,SCA,I21,RO,1953-08,
M,PRD,B-D,SCA,I21,RO,1953-09,
M,PRD,B-D,SCA,I21,RO,1953-10,
M,PRD,B-D,SCA,I21,RO,1953-11,
M,PRD,B-D,SCA,I21,RO,1953-12,
M,PRD,B-D,SCA,I21,RO,1954-01,
M,PRD,B-D,SCA,I21,RO,1954-02,
M,PRD,B-D,SCA,I21,RO,1954-03,
M,PRD,B-D,SCA,I21,RO,1954-04,
M,PRD,B-D,SCA,I21,RO,1954-05,
M,PRD,B-D,SCA,I21,RO,1954-06,
M,PRD,B-D,SCA,I21,RO,1954-07,
M,PRD,B-D,SCA,I21,RO,1954-08,
M,PRD,B-D,SCA,I21,RO,1954-09,
M,PRD,B-D,SCA,I21,RO,1954-10,
M,PRD,B-D,SCA,I21,RO,1954-11,
M,PRD,B-D,SCA,I21,RO,1954-12,
M,PRD,B-D,SCA,I21,RO,1955-01,
M,PRD,B-D,SCA,I21,RO,1955-02,
M,PRD,B-D,SCA,I21,RO,1955-03,
M,PRD,B-D,SCA,I21,RO,1955-04,
M,PRD,B-D,SCA,I21,RO,1955-05,
M,PRD,B-D,SCA,I21,RO,1955-06,
M,PRD,B-D,SCA,I21,RO,1955-07,
M,PRD,B-D,SCA,I21,RO,1955-08,
M,PRD,B-D,SCA,I21,RO,1955-09,
M,PRD,B-D,SCA,I21,RO,1955-10,
M,PRD,B-D,SCA,I21,RO,1955-11,
M,PRD,B-D,SCA,I21,RO,1955-12,
M,PRD,B-D,SCA,I21,RO,1956-01,
M,PRD,B-D,SCA,I21,RO,1956-02,
M,PRD,B-D,SCA,I21,RO,1956-03,
M,PRD,B-D,SCA,I21,RO,1956-04,
M,PRD,B-D,SCA,I21,RO,1956-05,
M,PRD,B-D,SCA,I21,RO,1956-06,
M,PRD,B-D,SCA,I21,RO,1956-07,
M,PRD,B-D,SCA,I21,RO,1956-08,
M,PRD,B-D,SCA,I21,RO,1956-09,
M,PRD,B-D,SCA,I21,RO,1956-10,
M,PRD,B-D,SCA,I21,RO,1956-11,
M,PRD,B-D,SCA,I21,RO,1956-12,
M,PRD,B-D,SCA,I21,RO,1957-01,
M,PRD,B-D,SCA,I21,RO,1957-02,
M,PRD,B-D,SCA,I21,RO,1957-03,
M,PRD,B-D,SCA,I21,RO,1957-04,
M,PRD,B-D,SCA,I21,RO,1957-05,
M,PRD,B-D,SCA,I21,RO,1957-06,
M,PRD,B-D,SCA,I21,RO,1957-07,
M,PRD,B-D,SCA,I21,RO,1957-08,
M,PRD,B-D,SCA,I21,RO,1957-09,
M,PRD,B-D,SCA,I21,RO,1957-10,
M,PRD,B-D,SCA,I21,RO,1957-11,
M,PRD,B-D,SCA,I21,RO,1957-12,
M,PRD,B-D,SCA,I21,RO,1958-01,
M,PRD,B-D,SCA,I21,RO,1958-02,
M,PRD,B-D,SCA,I21,RO,1958-03,
M,PRD,B-D,SCA,I21,RO,1958-04,
M,PRD,B-D,SCA,I21,RO,1958-05,
M,PRD,B-D,SCA,I21,RO,1958-06,
M,PRD,B-D,SCA,I21,RO,1958-07,
M,PRD,B-D,SCA,I21,RO,1958-08,
M,PRD,B-D,SCA,I21,RO,1958-09,
M,PRD,B-D,SCA,I21,RO,1958-10,
M,PRD,B-D,SCA,I21,RO,1958-11,
M,PRD,B-D,SCA,I21,RO,1958-12,
M,PRD,B-D,SCA,I21,RO,1959-01,
M,PRD,B-D,SCA,I21,RO,1959-02,
M,PRD,B-D,SCA,I21,RO,1959-03,
M,PRD,B-D,SCA,I21,RO,1959-04,
M,PRD,B-D,SCA,I21,RO,1959-05,
M,PRD,B-D,SCA,I21,RO,1959-06,
M,PRD,B-D,SCA,I21,RO,1959-07,
M,PRD,B-D,SCA,I21,RO,1959-08,
M,PRD,B-D,SCA,I21,RO,1959-09,
M,PRD,B-D,SCA,I21,RO,1959-10,
M,PRD,B-D,SCA,I21,RO,1959-11,
M,PRD,B-D,SCA,I21,RO,1959-12,
M,PRD,B-D,SCA,I21,RO,1960-01,
M,PRD,B-D,SCA,I21,RO,1960-02,
M,PRD,B-D,SCA,I21,RO,1960-03,
M,PRD,B-D,SCA,I21,RO,1960-04,
M,PRD,B-D,SCA,I21,RO,1960-05,
M,PRD,B-D,SCA,I21,RO,1960-06,
M,PRD,B-D,SCA,I21,RO,1960-07,
M,PRD,B-D,SCA,I21,RO,1960-08,
M,PRD,B-D,SCA,I21,RO,1960-09,
M,PRD,B-D,SCA,I21,RO,1960-10,
M,PRD,B-D,SCA,I21,RO,1960-11,
M,PRD,B-D,SCA,I21,RO,1960-12,
M,PRD,B-D,SCA,I21,RO,1961-01,
M,PRD,B-D,SCA,I21,RO,1961-02,
M,PRD,B-D,SCA,I21,RO,1961-03,
M,PRD,B-D,SCA,I21,RO,1961-04,
M,PRD,B-D,SCA,I21,RO,1961-05,
M,PRD,B-D,SCA,I21,RO,1961-06,
M,PRD,B-D,SCA,I21,RO,1961-07,
M,PRD,B-D,SCA,I21,RO,1961-08,
M,PRD,B-D,SCA,I21,RO,1961-09,
M,PRD,B-D,SCA,I21,RO,1961-10,
M,PRD,B-D,SCA,I21,RO,1961-11,
M,PRD,B-D,SCA,I21,RO,1961-12,
M,PRD,B-D,SCA,I21,RO,1962-01,
M,PRD,B-D,SCA,I21,RO,1962-02,
M,PRD,B-D,SCA,I21,RO,1962-03,
M,PRD,B-D,SCA,I21,RO,1962-04,
M,PRD,B-D,SCA,I21,RO,1962-05,
M,PRD,B-D,SCA,I21,RO,1962-06,
M,PRD,B-D,SCA,I21,RO,1962-07,
M,PRD,B-D,SCA,I21,RO,1962-08,
M,PRD,B-D,SCA,I21,RO,1962-09,
M,PRD,B-D,SCA,I21,RO,1962-10,
M,PRD,B-D,SCA,I21,RO,1962-11,
M,PRD,B-D,SCA,I21,RO,1962-12,
M,PRD,B-D,SCA,I21,RO,1963-01,
M,PRD,B-D,SCA,I21,RO,1963-02,
M,PRD,B-D,SCA,I21,RO,1963-03,
M,PRD,B-D,SCA,I21,RO,1963-04,
M,PRD,B-D,SCA,I21,RO,1963-05,
M,PRD,B-D,SCA,I21,RO,1963-06,
M,PRD,B-D,SCA,I21,RO,1963-07,
M,PRD,B-D,SCA,I21,RO,1963-08,
M,PRD,B-D,SCA,I21,RO,1963-09,
M,PRD,B-D,SCA,I21,RO,1963-10,
M,PRD,B-D,SCA,I21,RO,1963-11,
M,PRD,B-D,SCA,I21,RO,1963-12,
M,PRD,B-D,SCA,I21,RO,1964-01,
M,PRD,B-D,SCA,I21,RO,1964-02,
M,PRD,B-D,SCA,I21,RO,1964-03,
M,PRD,B-D,SCA,I21,RO,1964-04,
M,PRD,B-D,SCA,I21,RO,1964-05,
M,PRD,B-D,SCA,I21,RO,1964-06,
M,PRD,B-D,SCA,I21,RO,1964-07,
M,PRD,B-D,SCA,I21,RO,1964-08,
M,PRD,B-D,SCA,I21,RO,1964-09,
M,PRD,B-D,SCA,I21,RO,1964-10,
M,PRD,B-D,SCA,I21,RO,1964-11,
M,PRD,B-D,SCA,I21,RO,1964-12,
M,PRD,B-D,SCA,I21,RO,1965-01,
M,PRD,B-D,SCA,I21,RO,1965-02,
M,PRD,B-D,SCA,I21,RO,1965-03,
M,PRD,B-D,SCA,I21,RO,1965-04,
M,PRD,B-D,SCA,I21,RO,1965-05,
M,PRD,B-D,SCA,I21,RO,1965-06,
M,PRD,B-D,SCA,I21,RO,1965-07,
M,PRD,B-D,SCA,I21,RO,1965-08,
M,PRD,B-D,SCA,I21,RO,1965-09,
M,PRD,B-D,SCA,I21,RO,1965-10,
M,PRD,B-D,SCA,I21,RO,1965-11,
M,PRD,B-D,SCA,I21,RO,1965-12,
M,PRD,B-D,SCA,I21,RO,1966-01,
M,PRD,B-D,SCA,I21,RO,1966-02,
M,PRD,B-D,SCA,I21,RO,1966-03,
M,PRD,B-D,SCA,I21,RO,1966-04,
M,PRD,B-D,SCA,I21,RO,1966-05,
M,PRD,B-D,SCA,I21,RO,1966-06,
M,PRD,B-D,SCA,I21,RO,1966-07,
M,PRD,B-D,SCA,I21,RO,1966-08,
M,PRD,B-D,SCA,I21,RO,1966-09,
M,PRD,B-D,SCA,I21,RO,1966-10,
M,PRD,B-D,SCA,I21,RO,1966-11,
M,PRD,B-D,SCA,I21,RO,1966-12,
M,PRD,B-D,SCA,I21,RO,1967-01,
M,PRD,B-D,SCA,I21,RO,1967-02,
M,PRD,B-D,SCA,I21,RO,1967-03,
M,PRD,B-D,SCA,I21,RO,1967-04,
M,PRD,B-D,SCA,I21,RO,1967-05,
M,PRD,B-D,SCA,I21,RO,1967-06,
M,PRD,B-D,SCA,I21,RO,1967-07,
M,PRD,B-D,SCA,I21,RO,1967-08,
M,PRD,B-D,SCA,I21,RO,1967-09,
M,PRD,B-D,SCA,I21,RO,1967-10,
M,PRD,B-D,SCA,I21,RO,1967-11,
M,PRD,B-D,SCA,I21,RO,1967-12,
M,PRD,B-D,SCA,I21,RO,1968-01,
M,PRD,B-D,SCA,I21,RO,1968-02,
M,PRD,B-D,SCA,I21,RO,1968-03,
M,PRD,B-D,SCA,I21,RO,1968-04,
M,PRD,B-D,SCA,I21,RO,1968-05,
M,PRD,B-D,SCA,I21,RO,1968-06,
M,PRD,B-D,SCA,I21,RO,1968-07,
M,PRD,B-D,SCA,I21,RO,1968-08,
M,PRD,B-D,SCA,I21,RO,1968-09,
M,PRD,B-D,SCA,I21,RO,1968-10,
M,PRD,B-D,SCA,I21,RO,1968-11,
M,PRD,B-D,SCA,I21,RO,1968-12,
M,PRD,B-D,SCA,I21,RO,1969-01,
M,PRD,B-D,SCA,I21,RO,1969-02,
M,PRD,B-D,SCA,I21,RO,1969-03,
M,PRD,B-D,SCA,I21,RO,1969-04,
M,PRD,B-D,SCA,I21,RO,1969-05,
M,PRD,B-D,SCA,I21,RO,1969-06,
M,PRD,B-D,SCA,I21,RO,1969-07,
M,PRD,B-D,SCA,I21,RO,1969-08,
M,PRD,B-D,SCA,I21,RO,1969-09,
M,PRD,B-D,SCA,I21,RO,1969-10,
M,PRD,B-D,SCA,I21,RO,1969-11,
M,PRD,B-D,SCA,I21,RO,1969-12,
M,PRD,B-D,SCA,I21,RO,1970-01,
M,PRD,B-D,SCA,I21,RO,1970-02,
M,PRD,B-D,SCA,I21,RO,1970-03,
M,PRD,B-D,SCA,I21,RO,1970-04,
M,PRD,B-D,SCA,I21,RO,1970-05,
M,PRD,B-D,SCA,I21,RO,1970-06,
M,PRD,B-D,SCA,I21,RO,1970-07,
M,PRD,B-D,SCA,I21,RO,1970-08,
M,PRD,B-D,SCA,I21,RO,1970-09,
M,PRD,B-D,SCA,I21,RO,1970-10,
M,PRD,B-D,SCA,I21,RO,1970-11,
M,PRD,B-D,SCA,I21,RO,1970-12,
M,PRD,B-D,SCA,I21,RO,1971-01,
M,PRD,B-D,SCA,I21,RO,1971-02,
M,PRD,B-D,SCA,I21,RO,1971-03,
M,PRD,B-D,SCA,I21,RO,1971-04,
M,PRD,B-D,SCA,I21,RO,1971-05,
M,PRD,B-D,SCA,I21,RO,1971-06,
M,PRD,B-D,SCA,I21,RO,1971-07,
M,PRD,B-D,SCA,I21,RO,1971-08,
M,PRD,B-D,SCA,I21,RO,1971-09,
M,PRD,B-D,SCA,I21,RO,1971-10,
M,PRD,B-D,SCA,I21,RO,1971-11,
M,PRD,B-D,SCA,I21,RO,1971-12,
M,PRD,B-D,SCA,I21,RO,1972-01,
M,PRD,B-D,SCA,I21,RO,1972-02,
M,PRD,B-D,SCA,I21,RO,1972-03,
M,PRD,B-D,SCA,I21,RO,1972-04,
M,PRD,B-D,SCA,I21,RO,1972-05,
M,PRD,B-D,SCA,I21,RO,1972-06,
M,PRD,B-D,SCA,I21,RO,1972-07,
M,PRD,B-D,SCA,I21,RO,1972-08,
M,PRD,B-D,SCA,I21,RO,1972-09,
M,PRD,B-D,SCA,I21,RO,1972-10,
M,PRD,B-D,SCA,I21,RO,1972-11,
M,PRD,B-D,SCA,I21,RO,1972-12,
M,PRD,B-D,SCA,I21,RO,1973-01,
M,PRD,B-D,SCA,I21,RO,1973-02,
M,PRD,B-D,SCA,I21,RO,1973-03,
M,PRD,B-D,SCA,I21,RO,1973-04,
M,PRD,B-D,SCA,I21,RO,1973-05,
M,PRD,B-D,SCA,I21,RO,1973-06,
M,PRD,B-D,SCA,I21,RO,1973-07,
M,PRD,B-D,SCA,I21,RO,1973-08,
M,PRD,B-D,SCA,I21,RO,1973-09,
M,PRD,B-D,SCA,I21,RO,1973-10,
M,PRD,B-D,SCA,I21,RO,1973-11,
M,PRD,B-D,SCA,I21,RO,1973-12,
M,PRD,B-D,SCA,I21,RO,1974-01,
M,PRD,B-D,SCA,I21,RO,1974-02,
M,PRD,B-D,SCA,I21,RO,1974-03,
M,PRD,B-D,SCA,I21,RO,1974-04,
M,PRD,B-D,SCA,I21,RO,1974-05,
M,PRD,B-D,SCA,I21,RO,1974-06,
M,PRD,B-D,SCA,I21,RO,1974-07,
M,PRD,B-D,SCA,I21,RO,1974-08,
M,PRD,B-D,SCA,I21,RO,1974-09,
M,PRD,B-D,SCA,I21,RO,1974-10,
M,PRD,B-D,SCA,I21,RO,1974-11,
M,PRD,B-D,SCA,I21,RO,1974-12,
M,PRD,B-D,SCA,I21,RO,1975-01,
M,PRD,B-D,SCA,I21,RO,1975-02,
M,PRD,B-D,SCA,I21,RO,1975-03,
M,PRD,B-D,SCA,I21,RO,1975-04,
M,PRD,B-D,SCA,I21,RO,1975-05,
M,PRD,B-D,SCA,I21,RO,1975-06,
M,PRD,B-D,SCA,I21,RO,1975-07,
M,PRD,B-D,SCA,I21,RO,1975-08,
M,PRD,B-D,SCA,I21,RO,1975-09,
M,PRD,B-D,SCA,I21,RO,1975-10,
M,PRD,B-D,SCA,I21,RO,1975-11,
M,PRD,B-D,SCA,I21,RO,1975-12,
M,PRD,B-D,SCA,I21,RO,1976-01,
M,PRD,B-D,SCA,I21,RO,1976-02,
M,PRD,B-D,SCA,I21,RO,1976-03,
M,PRD,B-D,SCA,I21,RO,1976-04,
M,PRD,B-D,SCA,I21,RO,1976-05,
M,PRD,B-D,SCA,I21,RO,1976-06,
M,PRD,B-D,SCA,I21,RO,1976-07,
M,PRD,B-D,SCA,I21,RO,1976-08,
M,PRD,B-D,SCA,I21,RO,1976-09,
M,PRD,B-D,SCA,I21,RO,1976-10,
M,PRD,B-D,SCA,I21,RO,1976-11,
M,PRD,B-D,SCA,I21,RO,1976-12,
M,PRD,B-D,SCA,I21,RO,1977-01,
M,PRD,B-D,SCA,I21,RO,1977-02,
M,PRD,B-D,SCA,I21,RO,1977-03,
M,PRD,B-D,SCA,I21,RO,1977-04,
M,PRD,B-D,SCA,I21,RO,1977-05,
M,PRD,B-D,SCA,I21,RO,1977-06,
M,PRD,B-D,SCA,I21,RO,1977-07,
M,PRD,B-D,SCA,I21,RO,1977-08,
M,PRD,B-D,SCA,I21,RO,1977-09,
M,PRD,B-D,SCA,I21,RO,1977-10,
M,PRD,B-D,SCA,I21,RO,1977-11,
M,PRD,B-D,SCA,I21,RO,1977-12,
M,PRD,B-D,SCA,I21,RO,1978-01,
M,PRD,B-D,SCA,I21,RO,1978-02,
M,PRD,B-D,SCA,I21,RO,1978-03,
M,PRD,B-D,SCA,I21,RO,1978-04,
M,PRD,B-D,SCA,I21,RO,1978-05,
M,PRD,B-D,SCA,I21,RO,1978-06,
M,PRD,B-D,SCA,I21,RO,1978-07,
M,PRD,B-D,SCA,I21,RO,1978-08,
M,PRD,B-D,SCA,I21,RO,1978-09,
M,PRD,B-D,SCA,I21,RO,1978-10,
M,PRD,B-D,SCA,I21,RO,1978-11,
M,PRD,B-D,SCA,I21,RO,1978-12,
M,PRD,B-D,SCA,I21,RO,1979-01,
M,PRD,B-D,SCA,I21,RO,1979-02,
M,PRD,B-D,SCA,I21,RO,1979-03,
M,PRD,B-D,SCA,I21,RO,1979-04,
M,PRD,B-D,SCA,I21,RO,1979-05,
M,PRD,B-D,SCA,I21,RO,1979-06,
M,PRD,B-D,SCA,I21,RO,1979-07,
M,PRD,B-D,SCA,I21,RO,1979-08,
M,PRD,B-D,SCA,I21,RO,1979-09,
M,PRD,B-D,SCA,I21,RO,1979-10,
M,PRD,B-D,SCA,I21,RO,1979-11,
M,PRD,B-D,SCA,I21,RO,1979-12,
M,PRD,B-D,SCA,I21,RO,1980-01,
M,PRD,B-D,SCA,I21,RO,1980-02,
M,PRD,B-D,SCA,I21,RO,1980-03,
M,PRD,B-D,SCA,I21,RO,1980-04,
M,PRD,B-D,SCA,I21,RO,1980-05,
M,PRD,B-D,SCA,I21,RO,1980-06,
M,PRD,B-D,SCA,I21,RO,1980-07,
M,PRD,B-D,SCA,I21,RO,1980-08,
M,PRD,B-D,SCA,I21,RO,1980-09,
M,PRD,B-D,SCA,I21,RO,1980-10,
M,PRD,B-D,SCA,I21,RO,1980-11,
M,PRD,B-D,SCA,I21,RO,1980-12,
M,PRD,B-D,SCA,I21,RO,1981-01,
M,PRD,B-D,SCA,I21,RO,1981-02,
M,PRD,B-D,SCA,I21,RO,1981-03,
M,PRD,B-D,SCA,I21,RO,1981-04,
M,PRD,B-D,SCA,I21,RO,1981-05,
M,PRD,B-D,SCA,I21,RO,1981-06,
M,PRD,B-D,SCA,I21,RO,1981-07,
M,PRD,B-D,SCA,I21,RO,1981-08,
M,PRD,B-D,SCA,I21,RO,1981-09,
M,PRD,B-D,SCA,I21,RO,1981-10,
M,PRD,B-D,SCA,I21,RO,1981-11,
M,PRD,B-D,SCA,I21,RO,1981-12,
M,PRD,B-D,SCA,I21,RO,1982-01,
M,PRD,B-D,SCA,I21,RO,1982-02,
M,PRD,B-D,SCA,I21,RO,1982-03,
M,PRD,B-D,SCA,I21,RO,1982-04,
M,PRD,B-D,SCA,I21,RO,1982-05,
M,PRD,B-D,SCA,I21,RO,1982-06,
M,PRD,B-D,SCA,I21,RO,1982-07,
M,PRD,B-D,SCA,I21,RO,1982-08,
M,PRD,B-D,SCA,I21,RO,1982-09,
M,PRD,B-D,SCA,I21,RO,1982-10,
M,PRD,B-D,SCA,I21,RO,1982-11,
M,PRD,B-D,SCA,I21,RO,1982-12,
M,PRD,B-D,SCA,I21,RO,1983-01,
M,PRD,B-D,SCA,I21,RO,1983-02,
M,PRD,B-D,SCA,I21,RO,1983-03,
M,PRD,B-D,SCA,I21,RO,1983-04,
M,PRD,B-D,SCA,I21,RO,1983-05,
M,PRD,B-D,SCA,I21,RO,1983-06,
M,PRD,B-D,SCA,I21,RO,1983-07,
M,PRD,B-D,SCA,I21,RO,1983-08,
M,PRD,B-D,SCA,I21,RO,1983-09,
M,PRD,B-D,SCA,I21,RO,1983-10,
M,PRD,B-D,SCA,I21,RO,1983-11,
M,PRD,B-D,SCA,I21,RO,1983-12,
M,PRD,B-D,SCA,I21,RO,1984-01,
M,PRD,B-D,SCA,I21,RO,1984-02,
M,PRD,B-D,SCA,I21,RO,1984-03,
M,PRD,B-D,SCA,I21,RO,1984-04,
M,PRD,B-D,SCA,I21,RO,1984-05,
M,PRD,B-D,SCA,I21,RO,1984-06,
M,PRD,B-D,SCA,I21,RO,1984-07,
M,PRD,B-D,SCA,I21,RO,1984-08,
M,PRD,B-D,SCA,I21,RO,1984-09,
M,PRD,B-D,SCA,I21,RO,1984-10,
M,PRD,B-D,SCA,I21,RO,1984-11,
M,PRD,B-D,SCA,I21,RO,1984-12,
M,PRD,B-D,SCA,I21,RO,1985-01,
M,PRD,B-D,SCA,I21,RO,1985-02,
M,PRD,B-D,SCA,I21,RO,1985-03,
M,PRD,B-D,SCA,I21,RO,1985-04,
M,PRD,B-D,SCA,I21,RO,1985-05,
M,PRD,B-D,SCA,I21,RO,1985-06,
M,PRD,B-D,SCA,I21,RO,1985-07,
M,PRD,B-D,SCA,I21,RO,1985-08,
M,PRD,B-D,SCA,I21,RO,1985-09,
M,PRD,B-D,SCA,I21,RO,1985-10,
M,PRD,B-D,SCA,I21,RO,1985-11,
M,PRD,B-D,SCA,I21,RO,1985-12,
M,PRD,B-D,SCA,I21,RO,1986-01,
M,PRD,B-D,SCA,I21,RO,1986-02,
M,PRD,B-D,SCA,I21,RO,1986-03,
M,PRD,B-D,SCA,I21,RO,1986-04,
M,PRD,B-D,SCA,I21,RO,1986-05,
M,PRD,B-D,SCA,I21,RO,1986-06,
M,PRD,B-D,SCA,I21,RO,1986-07,
M,PRD,B-D,SCA,I21,RO,1986-08,
M,PRD,B-D,SCA,I21,RO,1986-09,
M,PRD,B-D,SCA,I21,RO,1986-10,
M,PRD,B-D,SCA,I21,RO,1986-11,
M,PRD,B-D,SCA,I21,RO,1986-12,
M,PRD,B-D,SCA,I21,RO,1987-01,
M,PRD,B-D,SCA,I21,RO,1987-02,
M,PRD,B-D,SCA,I21,RO,1987-03,
M,PRD,B-D,SCA,I21,RO,1987-04,
M,PRD,B-D,SCA,I21,RO,1987-05,
M,PRD,B-D,SCA,I21,RO,1987-06,
M,PRD,B-D,SCA,I21,RO,1987-07,
M,PRD,B-D,SCA,I21,RO,1987-08,
M,PRD,B-D,SCA,I21,RO,1987-09,
M,PRD,B-D,SCA,I21,RO,1987-10,
M,PRD,B-D,SCA,I21,RO,1987-11,
M,PRD,B-D,SCA,I21,RO,1987-12,
M,PRD,B-D,SCA,I21,RO,1988-01,
M,PRD,B-D,SCA,I21,RO,1988-02,
M,PRD,B-D,SCA,I21,RO,1988-03,
M,PRD,B-D,SCA,I21,RO,1988-04,
M,PRD,B-D,SCA,I21,RO,1988-05,
M,PRD,B-D,SCA,I21,RO,1988-06,
M,PRD,B-D,SCA,I21,RO,1988-07,
M,PRD,B-D,SCA,I21,RO,1988-08,
M,PRD,B-D,SCA,I21,RO,1988-09,
M,PRD,B-D,SCA,I21,RO,1988-10,
M,PRD,B-D,SCA,I21,RO,1988-11,
M,PRD,B-D,SCA,I21,RO,1988-12,
M,PRD,B-D,SCA,I21,RO,1989-01,
M,PRD,B-D,SCA,I21,RO,1989-02,
M,PRD,B-D,SCA,I21,RO,1989-03,
M,PRD,B-D,SCA,I21,RO,1989-04,
M,PRD,B-D,SCA,I21,RO,1989-05,
M,PRD,B-D,SCA,I21,RO,1989-06,
M,PRD,B-D,SCA,I21,RO,1989-07,
M,PRD,B-D,SCA,I21,RO,1989-08,
M,PRD,B-D,SCA,I21,RO,1989-09,
M,PRD,B-D,SCA,I21,RO,1989-10,
M,PRD,B-D,SCA,I21,RO,1989-11,
M,PRD,B-D,SCA,I21,RO,1989-12,
M,PRD,B-D,SCA,I21,RO,1990-01,
M,PRD,B-D,SCA,I21,RO,1990-02,
M,PRD,B-D,SCA,I21,RO,1990-03,
M,PRD,B-D,SCA,I21,RO,1990-04,
M,PRD,B-D,SCA,I21,RO,1990-05,
M,PRD,B-D,SCA,I21,RO,1990-06,
M,PRD,B-D,SCA,I21,RO,1990-07,
M,PRD,B-D,SCA,I21,RO,1990-08,
M,PRD,B-D,SCA,I21,RO,1990-09,
M,PRD,B-D,SCA,I21,RO,1990-10,
M,PRD,B-D,SCA,I21,RO,1990-11,
M,PRD,B-D,SCA,I21,RO,1990-12,
M,PRD,B-D,SCA,I21,RO,1991-01,
M,PRD,B-D,SCA,I21,RO,1991-02,
M,PRD,B-D,SCA,I21,RO,1991-03,
M,PRD,B-D,SCA,I21,RO,1991-04,
M,PRD,B-D,SCA,I21,RO,1991-05,
M,PRD,B-D,SCA,I21,RO,1991-06,
M,PRD,B-D,SCA,I21,RO,1991-07,
M,PRD,B-D,SCA,I21,RO,1991-08,
M,PRD,B-D,SCA,I21,RO,1991-09,
M,PRD,B-D,SCA,I21,RO,1991-10,
M,PRD,B-D,SCA,I21,RO,1991-11,
M,PRD,B-D,SCA,I21,RO,1991-12,
M,PRD,B-D,SCA,I21,RO,1992-01,
M,PRD,B-D,SCA,I21,RO,1992-02,
M,PRD,B-D,SCA,I21,RO,1992-03,
M,PRD,B-D,SCA,I21,RO,1992-04,
M,PRD,B-D,SCA,I21,RO,1992-05,
M,PRD,B-D,SCA,I21,RO,1992-06,
M,PRD,B-D,SCA,I21,RO,1992-07,
M,PRD,B-D,SCA,I21,RO,1992-08,
M,PRD,B-D,SCA,I21,RO,1992-09,
M,PRD,B-D,SCA,I21,RO,1992-10,
M,PRD,B-D,SCA,I21,RO,1992-11,
M,PRD,B-D,SCA,I21,RO,1992-12,
M,PRD,B-D,SCA,I21,RO,1993-01,
M,PRD,B-D,SCA,I21,RO,1993-02,
M,PRD,B-D,SCA,I21,RO,1993-03,
M,PRD,B-D,SCA,I21,RO,1993-04,
M,PRD,B-D,SCA,I21,RO,1993-05,
M,PRD,B-D,SCA,I21,RO,1993-06,
M,PRD,B-D,SCA,I21,RO,1993-07,
M,PRD,B-D,SCA,I21,RO,1993-08,
M,PRD,B-D,SCA,I21,RO,1993-09,
M,PRD,B-D,SCA,I21,RO,1993-10,
M,PRD,B-D,SCA,I21,RO,1993-11,
M,PRD,B-D,SCA,I21,RO,1993-12,
M,PRD,B-D,SCA,I21,RO,1994-01,
M,PRD,B-D,SCA,I21,RO,1994-02,
M,PRD,B-D,SCA,I21,RO,1994-03,
M,PRD,B-D,SCA,I21,RO,1994-04,
M,PRD,B-D,SCA,I21,RO,1994-05,
M,PRD,B-D,SCA,I21,RO,1994-06,
M,PRD,B-D,SCA,I21,RO,1994-07,
M,PRD,B-D,SCA,I21,RO,1994-08,
M,PRD,B-D,SCA,I21,RO,1994-09,
M,PRD,B-D,SCA,I21,RO,1994-10,
M,PRD,B-D,SCA,I21,RO,1994-11,
M,PRD,B-D,SCA,I21,RO,1994-12,
M,PRD,B-D,SCA,I21,RO,1995-01,
M,PRD,B-D,SCA,I21,RO,1995-02,
M,PRD,B-D,SCA,I21,RO,1995-03,
M,PRD,B-D,SCA,I21,RO,1995-04,
M,PRD,B-D,SCA,I21,RO,1995-05,
M,PRD,B-D,SCA,I21,RO,1995-06,
M,PRD,B-D,SCA,I21,RO,1995-07,
M,PRD,B-D,SCA,I21,RO,1995-08,
M,PRD,B-D,SCA,I21,RO,1995-09,
M,PRD,B-D,SCA,I21,RO,1995-10,
M,PRD,B-D,SCA,I21,RO,1995-11,
M,PRD,B-D,SCA,I21,RO,1995-12,
M,PRD,B-D,SCA,I21,RO,1996-01,
M,PRD,B-D,SCA,I21,RO,1996-02,
M,PRD,B-D,SCA,I21,RO,1996-03,
M,PRD,B-D,SCA,I21,RO,1996-04,
M,PRD,B-D,SCA,I21,RO,1996-05,
M,PRD,B-D,SCA,I21,RO,1996-06,
M,PRD,B-D,SCA,I21,RO,1996-07,
M,PRD,B-D,SCA,I21,RO,1996-08,
M,PRD,B-D,SCA,I21,RO,1996-09,
M,PRD,B-D,SCA,I21,RO,1996-10,
M,PRD,B-D,SCA,I21,RO,1996-11,
M,PRD,B-D,SCA,I21,RO,1996-12,
M,PRD,B-D,SCA,I21,RO,1997-01,
M,PRD,B-D,SCA,I21,RO,1997-02,
M,PRD,B-D,SCA,I21,RO,1997-03,
M,PRD,B-D,SCA,I21,RO,1997-04,
M,PRD,B-D,SCA,I21,RO,1997-05,
M,PRD,B-D,SCA,I21,RO,1997-06,
M,PRD,B-D,SCA,I21,RO,1997-07,
M,PRD,B-D,SCA,I21,RO,1997-08,
M,PRD,B-D,SCA,I21,RO,1997-09,
M,PRD,B-D,SCA,I21,RO,1997-10,
M,PRD,B-D,SCA,I21,RO,1997-11,
M,PRD,B-D,SCA,I21,RO,1997-12,
M,PRD,B-D,SCA,I21,RO,1998-01,
M,PRD,B-D,SCA,I21,RO,1998-02,
M,PRD,B-D,SCA,I21,RO,1998-03,
M,PRD,B-D,SCA,I21,RO,1998-04,
M,PRD,B-D,SCA,I21,RO,1998-05,
M,PRD,B-D,SCA,I21,RO,1998-06,
M,PRD,B-D,SCA,I21,RO,1998-07,
M,PRD,B-D,SCA,I21,RO,1998-08,
M,PRD,B-D,SCA,I21,RO,1998-09,
M,PRD,B-D,SCA,I21,RO,1998-10,
M,PRD,B-D,SCA,I21,RO,1998-11,
M,PRD,B-D,SCA,I21,RO,1998-12,
M,PRD,B-D,SCA,I21,RO,1999-01,
M,PRD,B-D,SCA,I21,RO,1999-02,
M,PRD,B-D,SCA,I21,RO,1999-03,
M,PRD,B-D,SCA,I21,RO,1999-04,
M,PRD,B-D,SCA,I21,RO,1999-05,
M,PRD,B-D,SCA,I21,RO,1999-06,
M,PRD,B-D,SCA,I21,RO,1999-07,
M,PRD,B-D,SCA,I21,RO,1999-08,
M,PRD,B-D,SCA,I21,RO,1999-09,
M,PRD,B-D,SCA,I21,RO,1999-10,
M,PRD,B-D,SCA,I21,RO,1999-11,
M,PRD,B-D,SCA,I21,RO,1999-12,
M,PRD,B-D,SCA,I21,RO,2000-01,52.1
M,PRD,B-D,SCA,I21,RO,2000-02,52.4
M,PRD,B-D,SCA,I21,RO,2000-03,53.3
M,PRD,B-D,SCA,I21,RO,2000-04,53.7
M,PRD,B-D,SCA,I21,RO,2000-05,53.5
M,PRD,B-D,SCA,I21,RO,2000-06,54.6
M,PRD,B-D,SCA,I21,RO,2000-07,54.3
M,PRD,B-D,SCA,I21,RO,2000-08,54.9
M,PRD,B-D,SCA,I21,RO,2000-09,54.9
M,PRD,B-D,SCA,I21,RO,2000-10,55.1
M,PRD,B-D,SCA,I21,RO,2000-11,55.6
M,PRD,B-D,SCA,I21,RO,2000-12,57.0
M,PRD,B-D,SCA,I21,RO,2001-01,56.7
M,PRD,B-D,SCA,I21,RO,2001-02,57.7
M,PRD,B-D,SCA,I21,RO,2001-03,57.4
M,PRD,B-D,SCA,I21,RO,2001-04,56.9
M,PRD,B-D,SCA,I21,RO,2001-05,57.0
M,PRD,B-D,SCA,I21,RO,2001-06,55.8
M,PRD,B-D,SCA,I21,RO,2001-07,56.7
M,PRD,B-D,SCA,I21,RO,2001-08,56.0
M,PRD,B-D,SCA,I21,RO,2001-09,56.4
M,PRD,B-D,SCA,I21,RO,2001-10,56.2
M,PRD,B-D,SCA,I21,RO,2001-11,56.0
M,PRD,B-D,SCA,I21,RO,2001-12,55.2
M,PRD,B-D,SCA,I21,RO,2002-01,56.0
M,PRD,B-D,SCA,I21,RO,2002-02,56.0
M,PRD,B-D,SCA,I21,RO,2002-03,56.4
M,PRD,B-D,SCA,I21,RO,2002-04,57.4
M,PRD,B-D,SCA,I21,RO,2002-05,52.3
M,PRD,B-D,SCA,I21,RO,2002-06,56.5
M,PRD,B-D,SCA,I21,RO,2002-07,56.9
M,PRD,B-D,SCA,I21,RO,2002-08,57.7
M,PRD,B-D,SCA,I21,RO,2002-09,57.5
M,PRD,B-D,SCA,I21,RO,2002-10,57.6
M,PRD,B-D,SCA,I21,RO,2002-11,57.6
M,PRD,B-D,SCA,I21,RO,2002-12,57.0
M,PRD,B-D,SCA,I21,RO,2003-01,56.6
M,PRD,B-D,SCA,I21,RO,2003-02,55.8
M,PRD,B-D,SCA,I21,RO,2003-03,55.1
M,PRD,B-D,SCA,I21,RO,2003-04,56.4
M,PRD,B-D,SCA,I21,RO,2003-05,56.2
M,PRD,B-D,SCA,I21,RO,2003-06,57.4
M,PRD,B-D,SCA,I21,RO,2003-07,56.7
M,PRD,B-D,SCA,I21,RO,2003-08,56.4
M,PRD,B-D,SCA,I21,RO,2003-09,55.8
M,PRD,B-D,SCA,I21,RO,2003-10,55.6
M,PRD,B-D,SCA,I21,RO,2003-11,55.9
M,PRD,B-D,SCA,I21,RO,2003-12,56.2
M,PRD,B-D,SCA,I21,RO,2004-01,56.6
M,PRD,B-D,SCA,I21,RO,2004-02,56.7
M,PRD,B-D,SCA,I21,RO,2004-03,56.5
M,PRD,B-D,SCA,I21,RO,2004-04,55.6
M,PRD,B-D,SCA,I21,RO,2004-05,58.0
M,PRD,B-D,SCA,I21,RO,2004-06,56.6
M,PRD,B-D,SCA,I21,RO,2004-07,57.6
M,PRD,B-D,SCA,I21,RO,2004-08,58.1
M,PRD,B-D,SCA,I21,RO,2004-09,56.9
M,PRD,B-D,SCA,I21,RO,2004-10,57.5
M,PRD,B-D,SCA,I21,RO,2004-11,57.3
M,PRD,B-D,SCA,I21,RO,2004-12,56.9
M,PRD,B-D,SCA,I21,RO,2005-01,56.7
M,PRD,B-D,SCA,I21,RO,2005-02,56.0
M,PRD,B-D,SCA,I21,RO,2005-03,57.5
M,PRD,B-D,SCA,I21,RO,2005-04,58.7
M,PRD,B-D,SCA,I21,RO,2005-05,53.5
M,PRD,B-D,SCA,I21,RO,2005-06,56.6
M,PRD,B-D,SCA,I21,RO,2005-07,56.4
M,PRD,B-D,SCA,I21,RO,2005-08,58.9
M,PRD,B-D,SCA,I21,RO,2005-09,58.2
M,PRD,B-D,SCA,I21,RO,2005-10,57.8
M,PRD,B-D,SCA,I21,RO,2005-11,59.5
M,PRD,B-D,SCA,I21,RO,2005-12,61.7
M,PRD,B-D,SCA,I21,RO,2006-01,59.8
M,PRD,B-D,SCA,I21,RO,2006-02,60.0
M,PRD,B-D,SCA,I21,RO,2006-03,59.8
M,PRD,B-D,SCA,I21,RO,2006-04,63.0
M,PRD,B-D,SCA,I21,RO,2006-05,62.4
M,PRD,B-D,SCA,I21,RO,2006-06,63.3
M,PRD,B-D,SCA,I21,RO,2006-07,62.9
M,PRD,B-D,SCA,I21,RO,2006-08,64.1
M,PRD,B-D,SCA,I21,RO,2006-09,65.4
M,PRD,B-D,SCA,I21,RO,2006-10,65.4
M,PRD,B-D,SCA,I21,RO,2006-11,65.2
M,PRD,B-D,SCA,I21,RO,2006-12,68.2
M,PRD,B-D,SCA,I21,RO,2007-01,67.0
M,PRD,B-D,SCA,I21,RO,2007-02,68.7
M,PRD,B-D,SCA,I21,RO,2007-03,70.5
M,PRD,B-D,SCA,I21,RO,2007-04,67.8
M,PRD,B-D,SCA,I21,RO,2007-05,69.5
M,PRD,B-D,SCA,I21,RO,2007-06,70.0
M,PRD,B-D,SCA,I21,RO,2007-07,69.7
M,PRD,B-D,SCA,I21,RO,2007-08,69.9
M,PRD,B-D,SCA,I21,RO,2007-09,68.9
M,PRD,B-D,SCA,I21,RO,2007-10,70.4
M,PRD,B-D,SCA,I21,RO,2007-11,71.5
M,PRD,B-D,SCA,I21,RO,2007-12,72.3
M,PRD,B-D,SCA,I21,RO,2008-01,72.9
M,PRD,B-D,SCA,I21,RO,2008-02,75.1
M,PRD,B-D,SCA,I21,RO,2008-03,74.4
M,PRD,B-D,SCA,I21,RO,2008-04,71.1
M,PRD,B-D,SCA,I21,RO,2008-05,74.5
M,PRD,B-D,SCA,I21,RO,2008-06,73.3
M,PRD,B-D,SCA,I21,RO,2008-07,72.3
M,PRD,B-D,SCA,I21,RO,2008-08,71.8
M,PRD,B-D,SCA,I21,RO,2008-09,71.9
M,PRD,B-D,SCA,I21,RO,2008-10,71.2
M,PRD,B-D,SCA,I21,RO,2008-11,67.7
M,PRD,B-D,SCA,I21,RO,2008-12,61.8
M,PRD,B-D,SCA,I21,RO,2009-01,62.3
M,PRD,B-D,SCA,I21,RO,2009-02,65.5
M,PRD,B-D,SCA,I21,RO,2009-03,64.4
M,PRD,B-D,SCA,I21,RO,2009-04,66.1
M,PRD,B-D,SCA,I21,RO,2009-05,68.6
M,PRD,B-D,SCA,I21,RO,2009-06,68.6
M,PRD,B-D,SCA,I21,RO,2009-07,69.3
M,PRD,B-D,SCA,I21,RO,2009-08,67.8
M,PRD,B-D,SCA,I21,RO,2009-09,69.5
M,PRD,B-D,SCA,I21,RO,2009-10,70.9
M,PRD,B-D,SCA,I21,RO,2009-11,69.5
M,PRD,B-D,SCA,I21,RO,2009-12,67.6
M,PRD,B-D,SCA,I21,RO,2010-01,67.2
M,PRD,B-D,SCA,I21,RO,2010-02,67.0
M,PRD,B-D,SCA,I21,RO,2010-03,68.7
M,PRD,B-D,SCA,I21,RO,2010-04,69.2
M,PRD,B-D,SCA,I21,RO,2010-05,69.1
M,PRD,B-D,SCA,I21,RO,2010-06,72.0
M,PRD,B-D,SCA,I21,RO,2010-07,72.3
M,PRD,B-D,SCA,I21,RO,2010-08,67.1
M,PRD,B-D,SCA,I21,RO,2010-09,73.3
M,PRD,B-D,SCA,I21,RO,2010-10,75.3
M,PRD,B-D,SCA,I21,RO,2010-11,74.2
M,PRD,B-D,SCA,I21,RO,2010-12,74.8
M,PRD,B-D,SCA,I21,RO,2011-01,74.7
M,PRD,B-D,SCA,I21,RO,2011-02,76.0
M,PRD,B-D,SCA,I21,RO,2011-03,75.6
M,PRD,B-D,SCA,I21,RO,2011-04,76.1
M,PRD,B-D,SCA,I21,RO,2011-05,75.6
M,PRD,B-D,SCA,I21,RO,2011-06,74.0
M,PRD,B-D,SCA,I21,RO,2011-07,76.8
M,PRD,B-D,SCA,I21,RO,2011-08,77.4
M,PRD,B-D,SCA,I21,RO,2011-09,77.7
M,PRD,B-D,SCA,I21,RO,2011-10,78.1
M,PRD,B-D,SCA,I21,RO,2011-11,78.3
M,PRD,B-D,SCA,I21,RO,2011-12,77.6
M,PRD,B-D,SCA,I21,RO,2012-01,77.5
M,PRD,B-D,SCA,I21,RO,2012-02,75.6
M,PRD,B-D,SCA,I21,RO,2012-03,77.5
M,PRD,B-D,SCA,I21,RO,2012-04,76.7
M,PRD,B-D,SCA,I21,RO,2012-05,79.7
M,PRD,B-D,SCA,I21,RO,2012-06,77.3
M,PRD,B-D,SCA,I21,RO,2012-07,78.1
M,PRD,B-D,SCA,I21,RO,2012-08,78.7
M,PRD,B-D,SCA,I21,RO,2012-09,80.9
M,PRD,B-D,SCA,I21,RO,2012-10,79.4
M,PRD,B-D,SCA,I21,RO,2012-11,81.8
M,PRD,B-D,SCA,I21,RO,2012-12,80.4
M,PRD,B-D,SCA,I21,RO,2013-01,82.0
M,PRD,B-D,SCA,I21,RO,2013-02,82.6
M,PRD,B-D,SCA,I21,RO,2013-03,83.0
M,PRD,B-D,SCA,I21,RO,2013-04,86.9
M,PRD,B-D,SCA,I21,RO,2013-05,78.4
M,PRD,B-D,SCA,I21,RO,2013-06,83.3
M,PRD,B-D,SCA,I21,RO,2013-07,85.3
M,PRD,B-D,SCA,I21,RO,2013-08,84.1
M,PRD,B-D,SCA,I21,RO,2013-09,87.3
M,PRD,B-D,SCA,I21,RO,2013-10,88.5
M,PRD,B-D,SCA,I21,RO,2013-11,89.3
M,PRD,B-D,SCA,I21,RO,2013-12,86.7
M,PRD,B-D,SCA,I21,RO,2014-01,90.2
M,PRD,B-D,SCA,I21,RO,2014-02,90.5
M,PRD,B-D,SCA,I21,RO,2014-03,88.9
M,PRD,B-D,SCA,I21,RO,2014-04,91.1
M,PRD,B-D,SCA,I21,RO,2014-05,90.4
M,PRD,B-D,SCA,I21,RO,2014-06,90.0
M,PRD,B-D,SCA,I21,RO,2014-07,90.1
M,PRD,B-D,SCA,I21,RO,2014-08,85.8
M,PRD,B-D,SCA,I21,RO,2014-09,90.9
M,PRD,B-D,SCA,I21,RO,2014-10,91.8
M,PRD,B-D,SCA,I21,RO,2014-11,91.6
M,PRD,B-D,SCA,I21,RO,2014-12,89.5
M,PRD,B-D,SCA,I21,RO,2015-01,94.3
M,PRD,B-D,SCA,I21,RO,2015-02,92.5
M,PRD,B-D,SCA,I21,RO,2015-03,90.5
M,PRD,B-D,SCA,I21,RO,2015-04,91.0
M,PRD,B-D,SCA,I21,RO,2015-05,91.3
M,PRD,B-D,SCA,I21,RO,2015-06,90.3
M,PRD,B-D,SCA,I21,RO,2015-07,93.2
M,PRD,B-D,SCA,I21,RO,2015-08,93.9
M,PRD,B-D,SCA,I21,RO,2015-09,92.6
M,PRD,B-D,SCA,I21,RO,2015-10,93.6
M,PRD,B-D,SCA,I21,RO,2015-11,93.8
M,PRD,B-D,SCA,I21,RO,2015-12,93.1
M,PRD,B-D,SCA,I21,RO,2016-01,94.1
M,PRD,B-D,SCA,I21,RO,2016-02,94.0
M,PRD,B-D,SCA,I21,RO,2016-03,95.4
M,PRD,B-D,SCA,I21,RO,2016-04,97.8
M,PRD,B-D,SCA,I21,RO,2016-05,90.4
M,PRD,B-D,SCA,I21,RO,2016-06,93.3
M,PRD,B-D,SCA,I21,RO,2016-07,94.8
M,PRD,B-D,SCA,I21,RO,2016-08,97.1
M,PRD,B-D,SCA,I21,RO,2016-09,95.0
M,PRD,B-D,SCA,I21,RO,2016-10,96.4
M,PRD,B-D,SCA,I21,RO,2016-11,97.3
M,PRD,B-D,SCA,I21,RO,2016-12,97.2
M,PRD,B-D,SCA,I21,RO,2017-01,99.2
M,PRD,B-D,SCA,I21,RO,2017-02,100.1
M,PRD,B-D,SCA,I21,RO,2017-03,101.7
M,PRD,B-D,SCA,I21,RO,2017-04,103.0
M,PRD,B-D,SCA,I21,RO,2017-05,104.3
M,PRD,B-D,SCA,I21,RO,2017-06,102.3
M,PRD,B-D,SCA,I21,RO,2017-07,102.1
M,PRD,B-D,SCA,I21,RO,2017-08,104.4
M,PRD,B-D,SCA,I21,RO,2017-09,103.9
M,PRD,B-D,SCA,I21,RO,2017-10,105.0
M,PRD,B-D,SCA,I21,RO,2017-11,105.9
M,PRD,B-D,SCA,I21,RO,2017-12,110.8
M,PRD,B-D,SCA,I21,RO,2018-01,107.3
M,PRD,B-D,SCA,I21,RO,2018-02,106.0
M,PRD,B-D,SCA,I21,RO,2018-03,108.2
M,PRD,B-D,SCA,I21,RO,2018-04,102.1
M,PRD,B-D,SCA,I21,RO,2018-05,105.3
M,PRD,B-D,SCA,I21,RO,2018-06,110.2
M,PRD,B-D,SCA,I21,RO,2018-07,107.1
M,PRD,B-D,SCA,I21,RO,2018-08,108.2
M,PRD,B-D,SCA,I21,RO,2018-09,106.9
M,PRD,B-D,SCA,I21,RO,2018-10,106.4
M,PRD,B-D,SCA,I21,RO,2018-11,108.6
M,PRD,B-D,SCA,I21,RO,2018-12,107.5
M,PRD,B-D,SCA,I21,RO,2019-01,107.4
M,PRD,B-D,SCA,I21,RO,2019-02,108.1
M,PRD,B-D,SCA,I21,RO,2019-03,107.3
M,PRD,B-D,SCA,I21,RO,2019-04,104.2
M,PRD,B-D,SCA,I21,RO,2019-05,105.7
M,PRD,B-D,SCA,I21,RO,2019-06,103.2
M,PRD,B-D,SCA,I21,RO,2019-07,101.5
M,PRD,B-D,SCA,I21,RO,2019-08,103.2
M,PRD,B-D,SCA,I21,RO,2019-09,103.3
M,PRD,B-D,SCA,I21,RO,2019-10,102.0
M,PRD,B-D,SCA,I21,RO,2019-11,102.8
M,PRD,B-D,SCA,I21,RO,2019-12,101.7
M,PRD,B-D,SCA,I21,RO,2020-01,105.2
M,PRD,B-D,SCA,I21,RO,2020-02,105.7
M,PRD,B-D,SCA,I21,RO,2020-03,91.7
M,PRD,B-D,SCA,I21,RO,2020-04,63.9
M,PRD,B-D,SCA,I21,RO,2020-05,77.0
M,PRD,B-D,SCA,I21,RO,2020-06,89.7
M,PRD,B-D,SCA,I21,RO,2020-07,94.8
M,PRD,B-D,SCA,I21,RO,2020-08,99.1
M,PRD,B-D,SCA,I21,RO,2020-09,101.2
M,PRD,B-D,SCA,I21,RO,2020-10,103.3
M,PRD,B-D,SCA,I21,RO,2020-11,102.0
M,PRD,B-D,SCA,I21,RO,2020-12,102.0
M,PRD,B-D,SCA,I21,RO,2021-01,101.6
M,PRD,B-D,SCA,I21,RO,2021-02,100.6
M,PRD,B-D,SCA,I21,RO,2021-03,101.0
M,PRD,B-D,SCA,I21,RO,2021-04,105.2
M,PRD,B-D,SCA,I21,RO,2021-05,97.0
M,PRD,B-D,SCA,I21,RO,2021-06,100.8
M,PRD,B-D,SCA,I21,RO,2021-07,100.1
M,PRD,B-D,SCA,I21,RO,2021-08,101.3
M,PRD,B-D,SCA,I21,RO,2021-09,97.7
M,PRD,B-D,SCA,I21,RO,2021-10,98.1
M,PRD,B-D,SCA,I21,RO,2021-11,101.6
M,PRD,B-D,SCA,I21,RO,2021-12,104.0
M,PRD,B-D,SCA,I21,RO,2022-01,104.6
M,PRD,B-D,SCA,I21,RO,2022-02,103.5
M,PRD,B-D,SCA,I21,RO,2022-03,102.2
M,PRD,B-D,SCA,I21,RO,2022-04,103.2
M,PRD,B-D,SCA,I21,RO,2022-05,103.2
M,PRD,B-D,SCA,I21,RO,2022-06,100.7
M,PRD,B-D,SCA,I21,RO,2022-07,102.9
M,PRD,B-D,SCA,I21,RO,2022-08,101.7
M,PRD,B-D,SCA,I21,RO,2022-09,100.1
M,PRD,B-D,SCA,I21,RO,2022-10,99.8
M,PRD,B-D,SCA,I21,RO,2022-11,100.1
M,PRD,B-D,SCA,I21,RO,2022-12,98.3
M,PRD,B-D,SCA,I21,RO,2023-01,99.7
M,PRD,B-D,SCA,I21,RO,2023-02,100.6
M,PRD,B-D,SCA,I21,RO,2023-03,100.0
M,PRD,B-D,SCA,I21,RO,2023-04,98.2
M,PRD,B-D,SCA,I21,RO,2023-05,101.4
M,PRD,B-D,SCA,I21,RO,2023-06,98.2
M,PRD,B-D,SCA,I21,RO,2023-07,99.0
M,PRD,B-D,SCA,I21,RO,2023-08,98.4
M,PRD,B-D,SCA,I21,RO,2023-09,100.1
M,PRD,B-D,SCA,I21,RO,2023-10,97.8
M,PRD,B-D,SCA,I21,RO,2023-11,97.6
M,PRD,B-D,SCA,I21,RO,2023-12,99.2
M,PRD,B-D,SCA,I21,RO,2024-01,95.8
M,PRD,B-D,SCA,I21,RO,2024-02,99.0
M,PRD,B-D,SCA,I21,RO,2024-03,103.0
M,PRD,B-D,SCA,I21,RO,2024-04,101.1
M,PRD,B-D,SCA,I21,RO,2024-05,94.8
M,PRD,B-D,SCA,I21,RO,2024-06,98.4
M,PRD,B-D,SCA,I21,RO,2024-07,95.3
M,PRD,B-D,SCA,I21,RO,2024-08,96.5
M,PRD,B-D,SCA,I21,RO,2024-09,96.5
M,PRD,B-D,SCA,I21,RO,2024-10,96.9
M,PRD,B-D,SCA,I21,RO,2024-11,97.0
M,PRD,B-D,SCA,I21,RO,2024-12,95.8
M,PRD,B-D,SCA,I21,RO,2025-01,97.9
M,PRD,B-D,SCA,I21,RO,2025-02,95.6
M,PRD,B-D,SCA,I21,RO,2025-03,96.5
M,PRD,B-D,SCA,I21,RO,2025-04,99.0
M,PRD,B-D,SCA,I21,RO,2025-05,98.6
M,PRD,B-D,SCA,I21,RO,2025-06,97.8
M,PRD,B-D,SCA,I21,RO,2025-07,97.5
M,PRD,B-D,SCA,I21,RO,2025-08,95.6
M,PRD,B-D,SCA,I21,RO,2025-09,96.7
M,PRD,B-D,SCA,I21,RO,2025-10,97.2
M,PRD,B-D,SCA,I21,RO,2025-11,96.6
M,PRD,B-D,SCA,I21,RO,2025-12,97.4
M,PRD,B-D,SCA,I21,RO,2026-01,94.5
M,PRD,B-D,SCA,I21,RO,2026-02,94.1
M,PRD,B-D,SCA,I21,RO,2026-03,94.5
M,PRD,B-D,SCA,I21,RO,2026-04,96.0
M,PRD,B-D,SCA,I21,RO,2026-05,93.3
M,PRD,B-D,SCA,I21,RO,2026-06,92.7
M,PRD,B-D,SCA,I21,RO,2026-07,
